,Unnamed: 0,ID,N_pixel,N_pixel_16,N_pixel_17,N_pixel_18,N_pixel_19,N_pixel_20,N_pixel_21,N_pixel_22,P1_16,P1_17,P1_18,P1_19,P1_20,P1_21,P1_22,M7_16,M7_17,M7_18,M7_19,M7_20,M7_21,M7_22,Mb6_16,Mb6_17,Mb6_18,Mb6_19,Mb6_20,Mb6_21,Mb6_22
0,0,1.0,83,0,18,4,6,0,6,0,0,18,4,6,0,6,0,0.0,-0.0058030603,-0.0011863323,0.0024899726,0.0,-0.002653332,0.0,0.0,-0.005669613,-0.0014160998,0.0037244456,0.0,-0.003046613,0.0
1,1,2.0,118,0,6,0,0,0,0,0,0,6,0,0,0,0,0,0.0,3.5571786e-06,0.0,0.0,0.0,0.0,0.0,0.0,0.00029822625,0.0,0.0,0.0,0.0,0.0
2,2,3.0,41,0,3,0,0,0,0,0,0,3,0,0,0,0,0,0.0,-0.0018253563,0.0,0.0,0.0,0.0,0.0,0.0,-0.0013726751,0.0,0.0,0.0,0.0,0.0
3,3,4.0,40,4,12,0,7,1,5,0,4,12,0,7,1,5,0,-0.0016803518,0.0068326057,0.0,0.011117925,0.0012775424,-0.008221695,0.0,-0.0042560515,0.011490382,0.0,0.015754946,0.0017281997,-0.009756876,0.0
4,4,5.0,32,0,12,0,14,1,13,3,0,12,0,14,1,13,2,0.0,-0.007767709,0.0,-0.007835403,0.0013092447,-0.021095961,0.0025033646,0.0,-0.008770138,0.0,-0.009576551,0.001910102,-0.02408857,0.0036503864
5,5,6.0,45,0,0,0,0,0,0,0,0,0,0,0,0,0,0,0.0,0.0,0.0,0.0,0.0,0.0,0.0,0.0,0.0,0.0,0.0,0.0,0.0,0.0
6,6,7.0,82,0,0,0,0,0,0,0,0,0,0,0,0,0,0,0.0,0.0,0.0,0.0,0.0,0.0,0.0,0.0,0.0,0.0,0.0,0.0,0.0,0.0
7,7,8.0,100,0,0,0,0,0,0,0,0,0,0,0,0,0,0,0.0,0.0,0.0,0.0,0.0,0.0,0.0,0.0,0.0,0.0,0.0,0.0,0.0,0.0
8,8,9.0,87,0,24,1,0,0,0,30,0,24,1,0,0,0,1,0.0,-0.007452699,0.00023333755,0.0,0.0,0.0,0.000540993,0.0,-0.00917168,0.00030106108,0.0,0.0,0.0,0.00051626505
9,9,10.0,42,2,27,0,0,1,8,1,2,27,0,0,1,8,1,0.002284399,0.04112983,0.0,0.0,-0.0005098643,-0.006702703,0.00067604036,0.0023841297,0.061358787,0.0,0.0,-0.0008860063,-0.010902172,0.0007599917
10,10,11.0,32,0,2,0,0,0,0,0,0,2,0,0,0,0,0,0.0,-0.0013557279,0.0,0.0,0.0,0.0,0.0,0.0,-0.0022229364,0.0,0.0,0.0,0.0,0.0
11,11,12.0,103,0,89,0,0,0,0,41,0,89,0,0,0,0,0,0.0,-0.02522529,0.0,0.0,0.0,0.0,0.0,0.0,-0.029636106,0.0,0.0,0.0,0.0,0.0
12,12,13.0,53,5,7,0,0,0,0,1,5,7,0,0,0,0,0,-0.0034703922,-0.0044591394,0.0,0.0,0.0,0.0,0.0,-0.0045472113,-0.0061837966,0.0,0.0,0.0,0.0,0.0
13,13,14.0,116,37,3,0,0,0,0,23,37,3,0,0,0,0,1,-0.007935362,-0.00065341755,0.0,0.0,0.0,0.0,0.0003608537,-0.011229452,-0.0009717196,0.0,0.0,0.0,0.0,0.0002729048
14,14,15.0,41,26,0,0,0,0,0,0,26,0,0,0,0,0,0,-0.021931913,0.0,0.0,0.0,0.0,0.0,0.0,-0.029896637,0.0,0.0,0.0,0.0,0.0,0.0
15,15,16.0,859,0,29,3,54,0,0,2,0,29,3,54,0,0,0,0.0,-0.0005312927,-7.424464e-05,0.002726382,0.0,0.0,0.0,0.0,-0.0008555024,-0.000119094075,0.002946919,0.0,0.0,0.0
16,16,17.0,376,62,0,0,0,0,0,161,62,0,0,0,0,0,0,0.0029284458,0.0,0.0,0.0,0.0,0.0,0.0,0.007973,0.0,0.0,0.0,0.0,0.0,0.0
17,17,18.0,374,1,0,1,0,0,0,0,1,0,1,0,0,0,0,-5.5983215e-05,0.0,-5.380299e-05,0.0,0.0,0.0,0.0,-0.00010458093,0.0,-0.00011017813,0.0,0.0,0.0,0.0
18,18,19.0,328,2,50,0,0,0,0,20,2,50,0,0,0,0,0,-0.0003094926,0.0059914635,0.0,0.0,0.0,0.0,0.0,-0.0005156664,0.006596788,0.0,0.0,0.0,0.0,0.0
19,19,20.0,211,0,0,0,0,0,0,0,0,0,0,0,0,0,0,0.0,0.0,0.0,0.0,0.0,0.0,0.0,0.0,0.0,0.0,0.0,0.0,0.0,0.0
20,20,21.0,140,0,0,0,0,0,0,0,0,0,0,0,0,0,0,0.0,0.0,0.0,0.0,0.0,0.0,0.0,0.0,0.0,0.0,0.0,0.0,0.0,0.0
21,21,22.0,233,0,0,0,1,0,0,73,0,0,0,1,0,0,0,0.0,0.0,0.0,0.0001903024,0.0,0.0,0.0,0.0,0.0,0.0,0.0002535921,0.0,0.0,0.0
22,22,23.0,148,12,55,5,5,0,0,4,12,55,5,5,0,0,2,0.003109377,0.013750721,-9.3079085e-05,0.0003975571,0.0,0.0,0.00034392162,0.0043622875,0.018913334,4.4047843e-05,0.00038079187,0.0,0.0,0.0005994798
23,23,24.0,399,0,0,0,0,0,0,1,0,0,0,0,0,0,0,0.0,0.0,0.0,0.0,0.0,0.0,0.0,0.0,0.0,0.0,0.0,0.0,0.0,0.0
24,24,25.0,325,0,0,0,0,0,0,0,0,0,0,0,0,0,0,0.0,0.0,0.0,0.0,0.0,0.0,0.0,0.0,0.0,0.0,0.0,0.0,0.0,0.0
25,25,26.0,160,5,0,9,1,2,2,2,5,0,9,1,2,2,0,0.0011012544,0.0,-0.0025248388,0.00030639707,-0.00027180853,0.00038079903,0.0,0.0014109164,0.0,-0.0051746024,0.0004024428,-0.00032917524,0.00032746297,0.0
26,26,27.0,352,7,5,0,0,0,0,0,7,5,0,0,0,0,0,-0.00077298447,-0.00049694284,0.0,0.0,0.0,0.0,0.0,-0.0007799919,-0.00054085057,0.0,0.0,0.0,0.0,0.0
27,27,28.0,218,0,0,0,0,0,0,6,0,0,0,0,0,0,0,0.0,0.0,0.0,0.0,0.0,0.0,0.0,0.0,0.0,0.0,0.0,0.0,0.0,0.0
28,28,29.0,223,3,0,0,0,0,0,17,3,0,0,0,0,0,0,-0.0012515241,0.0,0.0,0.0,0.0,0.0,0.0,-0.0014124599,0.0,0.0,0.0,0.0,0.0,0.0
29,29,30.0,181,0,15,2,0,0,0,0,0,15,2,0,0,0,0,0.0,-0.0018255662,-0.00038213734,0.0,0.0,0.0,0.0,0.0,-0.0037626377,-0.00048084196,0.0,0.0,0.0,0.0
30,30,31.0,75,0,1,0,0,0,0,0,0,1,0,0,0,0,0,0.0,0.00016091061,0.0,0.0,0.0,0.0,0.0,0.0,0.0005044926,0.0,0.0,0.0,0.0,0.0
31,31,32.0,131,0,0,0,0,0,0,7,0,0,0,0,0,0,0,0.0,0.0,0.0,0.0,0.0,0.0,0.0,0.0,0.0,0.0,0.0,0.0,0.0,0.0
32,32,33.0,757,4,11,0,0,0,0,109,4,11,0,0,0,0,0,0.00019282177,0.00037951113,0.0,0.0,0.0,0.0,0.0,0.00025824615,0.00034679443,0.0,0.0,0.0,0.0,0.0
33,33,34.0,219,1,1,0,0,0,1,0,1,1,0,0,0,1,0,-0.00012886654,-0.000103913386,0.0,0.0,0.0,0.00033585954,0.0,-0.0001202753,-0.0001646297,0.0,0.0,0.0,0.00040700144,0.0
34,34,35.0,177,4,9,0,0,0,0,3,4,9,0,0,0,0,0,-0.0012337102,0.0015419602,0.0,0.0,0.0,0.0,0.0,-0.0010560635,0.0021737602,0.0,0.0,0.0,0.0,0.0
35,35,36.0,73,0,0,0,0,0,0,0,0,0,0,0,0,0,0,0.0,0.0,0.0,0.0,0.0,0.0,0.0,0.0,0.0,0.0,0.0,0.0,0.0,0.0
36,36,37.0,170,0,0,0,0,0,0,0,0,0,0,0,0,0,0,0.0,0.0,0.0,0.0,0.0,0.0,0.0,0.0,0.0,0.0,0.0,0.0,0.0,0.0
37,37,38.0,70,0,0,0,0,0,0,1,0,0,0,0,0,0,0,0.0,0.0,0.0,0.0,0.0,0.0,0.0,0.0,0.0,0.0,0.0,0.0,0.0,0.0
38,38,39.0,440,0,0,3,0,0,0,167,0,0,3,0,0,0,1,0.0,0.0,-0.00010320971,0.0,0.0,0.0,4.477697e-05,0.0,0.0,-0.00012669548,0.0,0.0,0.0,5.472129e-05
39,39,40.0,138,5,0,0,0,0,0,0,5,0,0,0,0,0,0,0.0009821308,0.0,0.0,0.0,0.0,0.0,0.0,0.0012588328,0.0,0.0,0.0,0.0,0.0,0.0
40,40,41.0,69,0,2,13,0,0,0,0,0,2,13,0,0,0,0,0.0,-0.0006787753,-0.0051585273,0.0,0.0,0.0,0.0,0.0,-0.001047372,-0.0074614375,0.0,0.0,0.0,0.0
41,41,42.0,34,0,0,0,0,0,0,0,0,0,0,0,0,0,0,0.0,0.0,0.0,0.0,0.0,0.0,0.0,0.0,0.0,0.0,0.0,0.0,0.0,0.0
42,42,43.0,91,0,4,3,0,0,0,0,0,4,3,0,0,0,0,0.0,-0.0013063314,-0.00116881,0.0,0.0,0.0,0.0,0.0,-0.0019812027,-0.0018381417,0.0,0.0,0.0,0.0
43,43,44.0,97,1,1,0,2,0,0,3,1,1,0,2,0,0,3,0.0011351275,0.0015115235,0.0,0.0017649367,0.0,0.0,0.0015429804,0.0012970911,0.0015141363,0.0,0.0014632577,0.0,0.0,0.0015521809
44,44,45.0,33,0,0,0,0,0,0,0,0,0,0,0,0,0,0,0.0,0.0,0.0,0.0,0.0,0.0,0.0,0.0,0.0,0.0,0.0,0.0,0.0,0.0
45,45,46.0,46,0,0,0,0,0,0,0,0,0,0,0,0,0,0,0.0,0.0,0.0,0.0,0.0,0.0,0.0,0.0,0.0,0.0,0.0,0.0,0.0,0.0
46,46,47.0,46,0,0,0,0,0,0,0,0,0,0,0,0,0,0,0.0,0.0,0.0,0.0,0.0,0.0,0.0,0.0,0.0,0.0,0.0,0.0,0.0,0.0
47,47,48.0,33,0,1,0,0,0,0,3,0,1,0,0,0,0,0,0.0,-0.001372504,0.0,0.0,0.0,0.0,0.0,0.0,-0.0012488556,0.0,0.0,0.0,0.0,0.0
48,48,49.0,71,2,2,0,4,0,1,3,2,2,0,4,0,1,3,-0.0005465464,-0.00051202916,0.0,0.0022598798,0.0,0.0009099112,0.0011031203,-0.0005518697,-0.00059920206,0.0,0.0028237025,0.0,0.0008846307,0.0015938622
49,49,50.0,77,0,0,0,0,0,0,38,0,0,0,0,0,0,0,0.0,0.0,0.0,0.0,0.0,0.0,0.0,0.0,0.0,0.0,0.0,0.0,0.0,0.0
50,50,51.0,133,0,0,0,0,0,0,11,0,0,0,0,0,0,11,0.0,0.0,0.0,0.0,0.0,0.0,0.0053095943,0.0,0.0,0.0,0.0,0.0,0.0,0.0013091246
51,51,52.0,75,4,0,0,0,0,0,0,4,0,0,0,0,0,0,-0.0019133906,0.0,0.0,0.0,0.0,0.0,0.0,-0.0019767205,0.0,0.0,0.0,0.0,0.0,0.0
52,52,53.0,71,0,0,0,0,0,0,3,0,0,0,0,0,0,0,0.0,0.0,0.0,0.0,0.0,0.0,0.0,0.0,0.0,0.0,0.0,0.0,0.0,0.0
53,53,54.0,34,0,0,0,0,0,0,2,0,0,0,0,0,0,2,0.0,0.0,0.0,0.0,0.0,0.0,0.0015492324,0.0,0.0,0.0,0.0,0.0,0.0,0.0020288886
54,54,55.0,36,0,2,0,0,0,0,1,0,2,0,0,0,0,1,0.0,-0.0023461152,0.0,0.0,0.0,0.0,0.0011374555,0.0,-0.0021648447,0.0,0.0,0.0,0.0,0.0013579584
55,55,56.0,48,0,0,0,0,0,0,0,0,0,0,0,0,0,0,0.0,0.0,0.0,0.0,0.0,0.0,0.0,0.0,0.0,0.0,0.0,0.0,0.0,0.0
56,56,57.0,63,0,3,0,0,0,0,0,0,3,0,0,0,0,0,0.0,0.0013473214,0.0,0.0,0.0,0.0,0.0,0.0,0.0017544872,0.0,0.0,0.0,0.0,0.0
57,57,58.0,99,0,0,0,0,0,0,0,0,0,0,0,0,0,0,0.0,0.0,0.0,0.0,0.0,0.0,0.0,0.0,0.0,0.0,0.0,0.0,0.0,0.0
58,58,59.0,69,0,0,0,0,0,0,0,0,0,0,0,0,0,0,0.0,0.0,0.0,0.0,0.0,0.0,0.0,0.0,0.0,0.0,0.0,0.0,0.0,0.0
59,59,60.0,46,0,0,0,0,0,0,0,0,0,0,0,0,0,0,0.0,0.0,0.0,0.0,0.0,0.0,0.0,0.0,0.0,0.0,0.0,0.0,0.0,0.0
60,60,61.0,170,0,0,0,0,0,0,31,0,0,0,0,0,0,0,0.0,0.0,0.0,0.0,0.0,0.0,0.0,0.0,0.0,0.0,0.0,0.0,0.0,0.0
61,61,62.0,93,0,0,0,0,0,1,0,0,0,0,0,0,1,0,0.0,0.0,0.0,0.0,0.0,0.00025190326,0.0,0.0,0.0,0.0,0.0,0.0,0.00029222984,0.0
62,62,63.0,112,0,0,0,0,0,5,0,0,0,0,0,0,5,0,0.0,0.0,0.0,0.0,0.0,-0.00021565084,0.0,0.0,0.0,0.0,0.0,0.0,-0.0010542093,0.0
63,63,64.0,31,0,0,0,0,0,0,0,0,0,0,0,0,0,0,0.0,0.0,0.0,0.0,0.0,0.0,0.0,0.0,0.0,0.0,0.0,0.0,0.0,0.0
64,64,65.0,161,0,0,0,0,0,0,48,0,0,0,0,0,0,0,0.0,0.0,0.0,0.0,0.0,0.0,0.0,0.0,0.0,0.0,0.0,0.0,0.0,0.0
65,65,66.0,168,0,0,0,0,0,0,5,0,0,0,0,0,0,0,0.0,0.0,0.0,0.0,0.0,0.0,0.0,0.0,0.0,0.0,0.0,0.0,0.0,0.0
66,66,67.0,188,0,0,0,0,0,0,13,0,0,0,0,0,0,0,0.0,0.0,0.0,0.0,0.0,0.0,0.0,0.0,0.0,0.0,0.0,0.0,0.0,0.0
67,67,68.0,138,0,0,0,0,0,0,0,0,0,0,0,0,0,0,0.0,0.0,0.0,0.0,0.0,0.0,0.0,0.0,0.0,0.0,0.0,0.0,0.0,0.0
68,68,69.0,101,0,0,0,1,0,0,0,0,0,0,1,0,0,0,0.0,0.0,0.0,0.00022520244,0.0,0.0,0.0,0.0,0.0,0.0,0.00039860205,0.0,0.0,0.0
69,69,70.0,280,0,5,0,0,0,0,10,0,5,0,0,0,0,10,0.0,-0.0009757804,0.0,0.0,0.0,0.0,0.00048634215,0.0,-0.00098586,0.0,0.0,0.0,0.0,0.00078842614
70,70,71.0,138,0,0,0,0,0,0,15,0,0,0,0,0,0,0,0.0,0.0,0.0,0.0,0.0,0.0,0.0,0.0,0.0,0.0,0.0,0.0,0.0,0.0
71,71,72.0,164,0,0,0,0,0,0,20,0,0,0,0,0,0,0,0.0,0.0,0.0,0.0,0.0,0.0,0.0,0.0,0.0,0.0,0.0,0.0,0.0,0.0
72,72,73.0,127,0,0,0,0,0,0,0,0,0,0,0,0,0,0,0.0,0.0,0.0,0.0,0.0,0.0,0.0,0.0,0.0,0.0,0.0,0.0,0.0,0.0
73,73,74.0,154,0,0,0,0,0,0,0,0,0,0,0,0,0,0,0.0,0.0,0.0,0.0,0.0,0.0,0.0,0.0,0.0,0.0,0.0,0.0,0.0,0.0
74,74,75.0,180,0,0,0,0,0,0,0,0,0,0,0,0,0,0,0.0,0.0,0.0,0.0,0.0,0.0,0.0,0.0,0.0,0.0,0.0,0.0,0.0,0.0
75,75,76.0,156,0,0,0,0,0,0,0,0,0,0,0,0,0,0,0.0,0.0,0.0,0.0,0.0,0.0,0.0,0.0,0.0,0.0,0.0,0.0,0.0,0.0
76,76,77.0,58,0,0,0,0,0,0,13,0,0,0,0,0,0,0,0.0,0.0,0.0,0.0,0.0,0.0,0.0,0.0,0.0,0.0,0.0,0.0,0.0,0.0
77,77,78.0,64,0,0,6,2,8,3,2,0,0,6,2,8,3,1,0.0,0.0,0.0041407743,0.00077728427,0.0028251559,0.0013009602,0.00038089522,0.0,0.0,0.0036607108,0.0010237729,0.004455318,0.0018452298,0.0005618512
78,78,79.0,42,1,0,0,5,0,0,4,1,0,0,5,0,0,0,-0.00080748805,0.0,0.0,0.004695419,0.0,0.0,0.0,-0.0011501145,0.0,0.0,0.0059363586,0.0,0.0,0.0
79,79,80.0,26,0,0,0,12,1,0,8,0,0,0,12,1,0,0,0.0,0.0,0.0,0.012755529,0.0010547203,0.0,0.0,0.0,0.0,0.0,0.017415034,0.0016594627,0.0,0.0
80,80,81.0,60,0,0,2,7,0,3,8,0,0,2,7,0,3,0,0.0,0.0,0.00080720114,0.0036868933,0.0,0.00039588386,0.0,0.0,0.0,0.0011370805,0.004248922,0.0,0.0001716665,0.0
81,81,82.0,69,0,0,0,0,0,0,1,0,0,0,0,0,0,1,0.0,0.0,0.0,0.0,0.0,0.0,0.0001713591,0.0,0.0,0.0,0.0,0.0,0.0,0.00026764895
82,82,83.0,35,0,0,0,0,0,0,0,0,0,0,0,0,0,0,0.0,0.0,0.0,0.0,0.0,0.0,0.0,0.0,0.0,0.0,0.0,0.0,0.0,0.0
83,83,84.0,135,0,0,0,0,0,0,21,0,0,0,0,0,0,0,0.0,0.0,0.0,0.0,0.0,0.0,0.0,0.0,0.0,0.0,0.0,0.0,0.0,0.0
84,84,85.0,71,0,0,0,0,0,0,45,0,0,0,0,0,0,0,0.0,0.0,0.0,0.0,0.0,0.0,0.0,0.0,0.0,0.0,0.0,0.0,0.0,0.0
85,85,86.0,86,0,0,0,0,0,0,0,0,0,0,0,0,0,0,0.0,0.0,0.0,0.0,0.0,0.0,0.0,0.0,0.0,0.0,0.0,0.0,0.0,0.0
86,86,87.0,54,0,4,0,0,0,0,9,0,4,0,0,0,0,0,0.0,-0.0014041805,0.0,0.0,0.0,0.0,0.0,0.0,-0.0017839381,0.0,0.0,0.0,0.0,0.0
87,87,88.0,152,0,0,0,0,0,0,4,0,0,0,0,0,0,0,0.0,0.0,0.0,0.0,0.0,0.0,0.0,0.0,0.0,0.0,0.0,0.0,0.0,0.0
88,88,89.0,103,0,0,0,0,0,0,0,0,0,0,0,0,0,0,0.0,0.0,0.0,0.0,0.0,0.0,0.0,0.0,0.0,0.0,0.0,0.0,0.0,0.0
89,89,90.0,256,1,0,2,0,0,0,0,1,0,2,0,0,0,0,8.162322e-05,0.0,-0.00022989389,0.0,0.0,0.0,0.0,7.674639e-05,0.0,-0.00031953072,0.0,0.0,0.0,0.0
90,90,91.0,186,0,0,1,0,0,0,4,0,0,1,0,0,0,1,0.0,0.0,-0.0001599782,0.0,0.0,0.0,0.00016127968,0.0,0.0,-0.00024101952,0.0,0.0,0.0,0.00017500985
91,91,92.0,115,0,0,0,0,0,0,18,0,0,0,0,0,0,0,0.0,0.0,0.0,0.0,0.0,0.0,0.0,0.0,0.0,0.0,0.0,0.0,0.0,0.0
92,92,93.0,185,0,0,0,0,0,0,1,0,0,0,0,0,0,0,0.0,0.0,0.0,0.0,0.0,0.0,0.0,0.0,0.0,0.0,0.0,0.0,0.0,0.0
93,93,94.0,83,0,0,0,0,0,0,0,0,0,0,0,0,0,0,0.0,0.0,0.0,0.0,0.0,0.0,0.0,0.0,0.0,0.0,0.0,0.0,0.0,0.0
94,94,95.0,40,0,0,0,0,0,0,3,0,0,0,0,0,0,0,0.0,0.0,0.0,0.0,0.0,0.0,0.0,0.0,0.0,0.0,0.0,0.0,0.0,0.0
95,95,96.0,44,0,0,0,0,0,0,2,0,0,0,0,0,0,2,0.0,0.0,0.0,0.0,0.0,0.0,0.000409866,0.0,0.0,0.0,0.0,0.0,0.0,0.0008642241
96,96,97.0,104,0,0,0,0,0,0,47,0,0,0,0,0,0,0,0.0,0.0,0.0,0.0,0.0,0.0,0.0,0.0,0.0,0.0,0.0,0.0,0.0,0.0
97,97,98.0,112,0,0,0,51,0,0,0,0,0,0,51,0,0,0,0.0,0.0,0.0,0.009784142,0.0,0.0,0.0,0.0,0.0,0.0,0.015450528,0.0,0.0,0.0
98,98,99.0,128,0,0,0,0,0,0,0,0,0,0,0,0,0,0,0.0,0.0,0.0,0.0,0.0,0.0,0.0,0.0,0.0,0.0,0.0,0.0,0.0,0.0
99,99,100.0,70,0,0,0,0,0,0,0,0,0,0,0,0,0,0,0.0,0.0,0.0,0.0,0.0,0.0,0.0,0.0,0.0,0.0,0.0,0.0,0.0,0.0
100,100,101.0,99,1,5,0,0,0,0,5,1,5,0,0,0,0,5,0.000696185,-0.0029028733,0.0,0.0,0.0,0.0,0.0019374968,0.0009883634,-0.0038792312,0.0,0.0,0.0,0.0,0.002490869
101,101,102.0,154,3,8,0,0,0,0,2,3,8,0,0,0,0,0,-0.00053593144,-0.002275661,0.0,0.0,0.0,0.0,0.0,-0.0007625489,-0.004096771,0.0,0.0,0.0,0.0,0.0
102,102,103.0,143,0,14,0,0,0,0,0,0,14,0,0,0,0,0,0.0,0.0006563851,0.0,0.0,0.0,0.0,0.0,0.0,0.00032870547,0.0,0.0,0.0,0.0,0.0
103,103,104.0,48,4,9,0,2,0,0,0,4,9,0,2,0,0,0,0.0033260004,0.005843261,0.0,0.0015517143,0.0,0.0,0.0,0.0013102941,0.007296943,0.0,0.0017773872,0.0,0.0,0.0
104,104,105.0,52,0,10,0,2,0,0,0,0,10,0,2,0,0,0,0.0,0.00820614,0.0,0.0016430902,0.0,0.0,0.0,0.0,0.009787548,0.0,0.0013230105,0.0,0.0,0.0
105,105,106.0,62,2,2,0,2,0,0,26,2,2,0,2,0,0,0,-0.0007595682,2.2365863e-05,0.0,0.0006550342,0.0,0.0,0.0,-0.0013118348,4.8458154e-05,0.0,0.00092192023,0.0,0.0,0.0
106,106,107.0,33,2,18,0,0,0,0,0,2,18,0,0,0,0,0,-0.0013311481,0.01994935,0.0,0.0,0.0,0.0,0.0,-0.0019869925,0.023280138,0.0,0.0,0.0,0.0,0.0
107,107,108.0,143,27,10,0,0,0,0,15,27,10,0,0,0,0,4,-0.010390921,0.0005575535,0.0,0.0,0.0,0.0,-0.0015738934,-0.015824528,0.000752234,0.0,0.0,0.0,0.0,-0.002286466
108,108,109.0,41,1,0,0,0,0,0,9,1,0,0,0,0,0,0,-0.00082488585,0.0,0.0,0.0,0.0,0.0,0.0,-0.00094920216,0.0,0.0,0.0,0.0,0.0,0.0
109,109,110.0,77,0,51,1,0,0,0,0,0,51,1,0,0,0,0,0.0,0.02497479,0.0003349032,0.0,0.0,0.0,0.0,0.0,0.03136301,0.0006643661,0.0,0.0,0.0,0.0
110,110,111.0,46,1,11,0,3,0,2,1,1,11,0,3,0,2,1,-0.0007837649,0.008806349,0.0,0.000919067,0.0,0.0004832815,0.00090931065,-0.00084977405,0.016706033,0.0,0.0008974615,0.0,0.0011190597,0.0014071855
111,111,112.0,32,0,2,0,0,0,0,0,0,2,0,0,0,0,0,0.0,0.0019864587,0.0,0.0,0.0,0.0,0.0,0.0,0.0027690977,0.0,0.0,0.0,0.0,0.0
112,112,113.0,39,0,0,0,0,0,0,29,0,0,0,0,0,0,0,0.0,0.0,0.0,0.0,0.0,0.0,0.0,0.0,0.0,0.0,0.0,0.0,0.0,0.0
113,113,114.0,33,0,0,0,0,0,2,7,0,0,0,0,0,2,0,0.0,0.0,0.0,0.0,0.0,0.0032096375,0.0,0.0,0.0,0.0,0.0,0.0,0.0035357075,0.0
114,114,115.0,46,0,0,1,3,0,0,12,0,0,1,3,0,0,0,0.0,0.0,0.0018267217,0.005025356,0.0,0.0,0.0,0.0,0.0,0.0026967044,0.005440766,0.0,0.0,0.0
115,115,116.0,31,1,8,7,9,0,0,7,1,8,7,9,0,0,0,0.001146917,-0.014816,-0.010170058,0.0039817975,0.0,0.0,0.0,0.0016071092,-0.015705008,-0.013253188,0.0022262365,0.0,0.0,0.0
116,116,117.0,43,3,1,1,6,0,0,1,3,1,1,6,0,0,0,0.005058029,-0.0010327342,0.001334188,0.009066908,0.0,0.0,0.0,0.0067276303,-0.0014421237,0.0015942645,0.010401458,0.0,0.0,0.0
117,117,118.0,42,0,0,0,0,0,0,0,0,0,0,0,0,0,0,0.0,0.0,0.0,0.0,0.0,0.0,0.0,0.0,0.0,0.0,0.0,0.0,0.0,0.0
118,118,119.0,38,0,9,5,3,0,3,3,0,9,5,3,0,3,3,0.0,-0.0121367825,-0.011380567,0.006139756,0.0,-0.008395929,0.00022560701,0.0,-0.010032975,-0.0078045856,0.007494508,0.0,-0.008176235,0.000634396
119,119,120.0,37,0,3,9,8,0,0,8,0,3,9,8,0,0,0,0.0,-0.0010953674,-0.003397187,0.005622248,0.0,0.0,0.0,0.0,-0.0016337816,-0.004932458,0.0076329764,0.0,0.0,0.0
120,120,121.0,39,2,1,0,0,0,0,0,2,1,0,0,0,0,0,0.0039034511,0.0014169213,0.0,0.0,0.0,0.0,0.0,0.0051754788,0.001478873,0.0,0.0,0.0,0.0,0.0
121,121,122.0,42,19,7,0,21,0,1,5,19,7,0,21,0,1,5,-0.023148231,0.0050884834,0.0,0.024985775,0.0,-0.0005667584,0.003511525,-0.030037386,0.009053178,0.0,0.02564716,0.0,-0.0010330615,0.005047267
122,122,123.0,126,1,42,17,0,4,2,18,1,42,17,0,4,2,0,-0.00034500755,-0.013211199,-0.0047271517,0.0,0.0012760863,0.00069986755,0.0,-0.00037456266,-0.0155356135,-0.004880433,0.0,0.0019174456,0.00094359927,0.0
123,123,124.0,48,0,14,1,0,0,0,6,0,14,1,0,0,0,0,0.0,-0.014959082,-0.00085199066,0.0,0.0,0.0,0.0,0.0,-0.019545868,-0.0007446198,0.0,0.0,0.0,0.0
124,124,125.0,31,9,0,3,7,0,11,16,9,0,3,7,0,11,6,0.020958286,0.0,-0.0031760528,0.011594849,0.0,0.030103642,0.010891681,0.033239596,0.0,-0.0045367265,0.014418885,0.0,0.04161219,0.015422546
125,125,126.0,34,8,3,1,9,0,0,20,8,3,1,9,0,0,0,0.0012346789,-0.0041790977,-0.00095482107,0.0137712695,0.0,0.0,0.0,0.005709447,-0.00474021,-0.0018558621,0.01662302,0.0,0.0,0.0
126,126,127.0,40,36,0,1,14,1,0,29,36,0,1,14,1,0,0,0.08178987,0.0,-0.0011290436,0.022049047,-0.0012924516,0.0,0.0,0.1083903,0.0,-0.0019679228,0.025797833,-0.0013464111,0.0,0.0
127,127,128.0,65,0,49,10,2,1,0,7,0,49,10,2,1,0,6,0.0,0.063521974,-0.0068252366,0.0019175346,0.000666553,0.0,0.005693714,0.0,0.097093955,-0.007932875,0.0019520194,0.0012395952,0.0,0.0061716824
128,128,129.0,43,5,30,2,2,2,3,4,5,30,2,2,2,3,4,0.0028974675,0.051991146,-0.004283253,0.0026086776,0.0045910724,-0.00055215857,0.0050220964,0.001399814,0.067346595,-0.005013743,0.0028882534,0.0063044587,-0.002067507,0.0065862043
129,129,130.0,91,15,34,1,1,0,0,0,15,34,1,1,0,0,0,0.0021404377,0.019224681,-0.00087773555,-0.0007492032,0.0,0.0,0.0,0.0023271875,0.024531858,-0.0010173703,-0.0008359533,0.0,0.0,0.0
130,130,131.0,48,6,1,0,1,0,0,0,6,1,0,1,0,0,0,-0.0038504247,-0.0008984841,0.0,-0.00082580413,0.0,0.0,0.0,-0.0058610504,-0.001473566,0.0,-0.0012553326,0.0,0.0,0.0
131,131,132.0,52,0,0,1,0,0,0,0,0,0,1,0,0,0,0,0.0,0.0,-0.0009079919,0.0,0.0,0.0,0.0,0.0,0.0,-0.00097246066,0.0,0.0,0.0,0.0
132,132,133.0,34,0,4,0,0,0,0,0,0,4,0,0,0,0,0,0.0,-0.0022687807,0.0,0.0,0.0,0.0,0.0,0.0,-0.003584193,0.0,0.0,0.0,0.0,0.0
133,133,134.0,72,0,16,0,0,4,1,0,0,16,0,0,4,1,0,0.0,-0.003710301,0.0,0.0,0.0015921694,0.0003072097,0.0,0.0,-0.0057858853,0.0,0.0,0.00250227,0.00047629804,0.0
134,134,135.0,31,0,1,0,0,0,0,0,0,1,0,0,0,0,0,0.0,-0.0005579288,0.0,0.0,0.0,0.0,0.0,0.0,-0.00086301944,0.0,0.0,0.0,0.0,0.0
135,135,136.0,29,0,2,0,0,0,0,0,0,2,0,0,0,0,0,0.0,0.0032672593,0.0,0.0,0.0,0.0,0.0,0.0,0.0038450465,0.0,0.0,0.0,0.0,0.0
136,136,137.0,35,0,0,0,0,0,0,5,0,0,0,0,0,0,0,0.0,0.0,0.0,0.0,0.0,0.0,0.0,0.0,0.0,0.0,0.0,0.0,0.0,0.0
137,137,138.0,41,0,0,0,0,0,0,4,0,0,0,0,0,0,0,0.0,0.0,0.0,0.0,0.0,0.0,0.0,0.0,0.0,0.0,0.0,0.0,0.0,0.0
138,138,139.0,147,0,0,0,0,0,0,24,0,0,0,0,0,0,0,0.0,0.0,0.0,0.0,0.0,0.0,0.0,0.0,0.0,0.0,0.0,0.0,0.0,0.0
139,139,140.0,46,0,2,0,0,0,0,0,0,2,0,0,0,0,0,0.0,-0.0018890667,0.0,0.0,0.0,0.0,0.0,0.0,-0.0022364976,0.0,0.0,0.0,0.0,0.0
140,140,141.0,32,0,0,0,0,0,0,2,0,0,0,0,0,0,0,0.0,0.0,0.0,0.0,0.0,0.0,0.0,0.0,0.0,0.0,0.0,0.0,0.0,0.0
141,141,142.0,35,2,0,0,0,2,0,0,2,0,0,0,2,0,0,-0.0012760649,0.0,0.0,0.0,0.0015474949,0.0,0.0,-0.0015218909,0.0,0.0,0.0,0.0024092614,0.0,0.0
142,142,143.0,93,0,0,0,0,0,0,1,0,0,0,0,0,0,0,0.0,0.0,0.0,0.0,0.0,0.0,0.0,0.0,0.0,0.0,0.0,0.0,0.0,0.0
143,143,144.0,30,1,0,0,0,0,0,4,1,0,0,0,0,0,2,-0.0038837942,0.0,0.0,0.0,0.0,0.0,0.0029916707,-0.004749095,0.0,0.0,0.0,0.0,0.0,0.0027769955
144,144,145.0,44,0,0,0,0,0,1,10,0,0,0,0,0,1,0,0.0,0.0,0.0,0.0,0.0,0.0013540727,0.0,0.0,0.0,0.0,0.0,0.0,0.0023245392,0.0
145,145,146.0,49,4,36,0,27,4,14,5,4,36,0,27,4,14,5,0.0037581879,0.03651582,0.0,0.0259557,0.0038763154,-0.009644854,0.00519992,0.0043266667,0.057598118,0.0,0.02650759,0.0049502854,-0.011393587,0.0053067887
146,146,147.0,60,0,0,0,16,0,13,0,0,0,0,16,0,13,0,0.0,0.0,0.0,-0.00988688,0.0,-0.0072537544,0.0,0.0,0.0,0.0,-0.012511986,0.0,-0.00896489,0.0
147,147,148.0,41,0,6,0,9,9,2,17,0,6,0,9,9,2,1,0.0,-0.007769099,0.0,-0.008769667,0.0077605704,-0.0022438138,0.0010652662,0.0,-0.010461294,0.0,-0.010811873,0.009183086,-0.003041589,0.0007521189
148,148,149.0,99,0,0,1,0,0,0,0,0,0,1,0,0,0,0,0.0,0.0,-0.00017530234,0.0,0.0,0.0,0.0,0.0,0.0,-0.00028773688,0.0,0.0,0.0,0.0
149,149,150.0,112,0,0,0,0,0,0,0,0,0,0,0,0,0,0,0.0,0.0,0.0,0.0,0.0,0.0,0.0,0.0,0.0,0.0,0.0,0.0,0.0,0.0
150,150,151.0,29,0,1,0,3,0,1,2,0,1,0,3,0,1,0,0.0,-0.0013194422,0.0,-0.00440985,0.0,-0.0013734093,0.0,0.0,-0.0014802868,0.0,-0.0055019525,0.0,-0.0014563379,0.0
151,151,152.0,28,18,0,0,0,0,0,0,18,0,0,0,0,0,0,-0.023059845,0.0,0.0,0.0,0.0,0.0,0.0,-0.02846678,0.0,0.0,0.0,0.0,0.0,0.0
152,152,153.0,154,0,0,0,0,0,0,0,0,0,0,0,0,0,0,0.0,0.0,0.0,0.0,0.0,0.0,0.0,0.0,0.0,0.0,0.0,0.0,0.0,0.0
153,153,154.0,89,0,1,0,0,0,0,0,0,1,0,0,0,0,0,0.0,-0.0006946646,0.0,0.0,0.0,0.0,0.0,0.0,-0.00062099955,0.0,0.0,0.0,0.0,0.0
154,154,156.0,22,0,6,0,1,0,1,0,0,6,0,1,0,1,0,0.0,-0.00037110376,0.0,-0.001327392,0.0,-0.0013701107,0.0,0.0,-0.00081455,0.0,-0.0017774344,0.0,-0.001757574,0.0
155,155,157.0,160,0,46,0,0,5,0,56,0,46,0,0,5,0,0,0.0,0.01553741,0.0,0.0,0.0008185376,0.0,0.0,0.0,0.026542261,0.0,0.0,0.00076500594,0.0,0.0
156,156,158.0,30,12,0,2,0,0,0,13,12,0,2,0,0,0,0,-0.013208632,0.0,0.0025957732,0.0,0.0,0.0,0.0,-0.01177343,0.0,0.0025871727,0.0,0.0,0.0,0.0
157,157,159.0,117,2,0,0,0,0,0,2,2,0,0,0,0,0,0,-0.00061360846,0.0,0.0,0.0,0.0,0.0,0.0,-0.00095528,0.0,0.0,0.0,0.0,0.0,0.0
158,158,160.0,106,0,0,0,0,0,0,16,0,0,0,0,0,0,0,0.0,0.0,0.0,0.0,0.0,0.0,0.0,0.0,0.0,0.0,0.0,0.0,0.0,0.0
159,159,161.0,202,0,0,0,3,0,0,0,0,0,0,3,0,0,0,0.0,0.0,0.0,0.0005498188,0.0,0.0,0.0,0.0,0.0,0.0,0.00087795017,0.0,0.0,0.0
160,160,162.0,60,0,0,0,0,0,0,0,0,0,0,0,0,0,0,0.0,0.0,0.0,0.0,0.0,0.0,0.0,0.0,0.0,0.0,0.0,0.0,0.0,0.0
161,161,163.0,60,0,0,0,0,0,0,0,0,0,0,0,0,0,0,0.0,0.0,0.0,0.0,0.0,0.0,0.0,0.0,0.0,0.0,0.0,0.0,0.0,0.0
162,162,164.0,63,0,1,0,0,0,0,0,0,1,0,0,0,0,0,0.0,-0.00036529888,0.0,0.0,0.0,0.0,0.0,0.0,-0.0006229013,0.0,0.0,0.0,0.0,0.0
163,163,165.0,46,0,6,5,0,0,0,0,0,6,5,0,0,0,0,0.0,-0.0004696112,-0.0014178462,0.0,0.0,0.0,0.0,0.0,-0.002839944,-0.0035320146,0.0,0.0,0.0,0.0
164,164,166.0,65,8,5,0,0,0,1,0,8,5,0,0,0,1,0,-0.003354685,0.0023097591,0.0,0.0,0.0,-0.0008996891,0.0,-0.0032233468,0.0023622501,0.0,0.0,0.0,-0.0015543399,0.0
165,165,167.0,46,0,0,0,2,0,0,0,0,0,0,2,0,0,0,0.0,0.0,0.0,0.0012208078,0.0,0.0,0.0,0.0,0.0,0.0,0.0012412725,0.0,0.0,0.0
166,166,168.0,108,0,51,0,0,0,0,19,0,51,0,0,0,0,0,0.0,0.014913803,0.0,0.0,0.0,0.0,0.0,0.0,0.013040602,0.0,0.0,0.0,0.0,0.0
167,167,169.0,46,0,0,0,0,0,0,6,0,0,0,0,0,0,0,0.0,0.0,0.0,0.0,0.0,0.0,0.0,0.0,0.0,0.0,0.0,0.0,0.0,0.0
168,168,170.0,129,0,0,0,0,0,0,0,0,0,0,0,0,0,0,0.0,0.0,0.0,0.0,0.0,0.0,0.0,0.0,0.0,0.0,0.0,0.0,0.0,0.0
169,169,171.0,84,0,0,0,0,0,0,19,0,0,0,0,0,0,0,0.0,0.0,0.0,0.0,0.0,0.0,0.0,0.0,0.0,0.0,0.0,0.0,0.0,0.0
170,170,172.0,79,4,8,0,5,0,0,0,4,8,0,5,0,0,0,-0.0019819033,-0.0077674827,0.0,-0.0030381544,0.0,0.0,0.0,-0.0037584407,-0.010074519,0.0,-0.0037768816,0.0,0.0,0.0
171,171,173.0,57,0,0,0,0,0,0,0,0,0,0,0,0,0,0,0.0,0.0,0.0,0.0,0.0,0.0,0.0,0.0,0.0,0.0,0.0,0.0,0.0,0.0
172,172,174.0,49,0,0,0,0,0,0,7,0,0,0,0,0,0,0,0.0,0.0,0.0,0.0,0.0,0.0,0.0,0.0,0.0,0.0,0.0,0.0,0.0,0.0
173,173,175.0,118,0,0,42,0,0,0,0,0,0,42,0,0,0,0,0.0,0.0,0.0086926855,0.0,0.0,0.0,0.0,0.0,0.0,0.006774842,0.0,0.0,0.0,0.0
174,174,176.0,89,0,0,0,0,0,0,0,0,0,0,0,0,0,0,0.0,0.0,0.0,0.0,0.0,0.0,0.0,0.0,0.0,0.0,0.0,0.0,0.0,0.0
175,175,177.0,30,0,0,0,0,0,0,0,0,0,0,0,0,0,0,0.0,0.0,0.0,0.0,0.0,0.0,0.0,0.0,0.0,0.0,0.0,0.0,0.0,0.0
176,176,178.0,77,0,0,0,0,0,0,0,0,0,0,0,0,0,0,0.0,0.0,0.0,0.0,0.0,0.0,0.0,0.0,0.0,0.0,0.0,0.0,0.0,0.0
177,177,179.0,77,0,0,15,0,0,0,0,0,0,15,0,0,0,0,0.0,0.0,-0.0038816847,0.0,0.0,0.0,0.0,0.0,0.0,-0.0038897349,0.0,0.0,0.0,0.0
178,178,180.0,38,4,0,0,2,1,1,0,4,0,0,2,1,1,0,-0.016924225,0.0,0.0,0.0020077429,0.0008352498,-0.0008021102,0.0,-0.017748194,0.0,0.0,0.0030211254,0.0009961603,-0.0008363611,0.0
179,179,181.0,69,3,5,0,0,0,1,9,3,5,0,0,0,1,0,0.001551192,0.0021111674,0.0,0.0,0.0,-0.0004904215,0.0,0.0022212819,0.0009614364,0.0,0.0,0.0,-0.0008304793,0.0
180,180,182.0,27,0,1,0,0,3,7,0,0,1,0,0,3,7,0,0.0,-0.00011385703,0.0,0.0,-0.003991933,-0.009499283,0.0,0.0,-0.0022655257,0.0,0.0,-0.005229315,-0.018117856,0.0
181,181,183.0,28,0,1,2,0,0,0,0,0,1,2,0,0,0,0,0.0,-0.0026669053,-0.0018076675,0.0,0.0,0.0,0.0,0.0,-0.0048377025,-0.002455882,0.0,0.0,0.0,0.0
182,182,184.0,26,2,0,2,0,0,0,2,2,0,2,0,0,0,0,-0.0020604823,0.0,-0.002249133,0.0,0.0,0.0,0.0,-0.0020660257,0.0,-0.0019885926,0.0,0.0,0.0,0.0
183,183,185.0,40,0,0,0,0,0,20,0,0,0,0,0,0,20,0,0.0,0.0,0.0,0.0,0.0,-0.017214384,0.0,0.0,0.0,0.0,0.0,0.0,-0.03770637,0.0
184,184,186.0,54,1,0,0,0,0,0,0,1,0,0,0,0,0,0,-0.0003682703,0.0,0.0,0.0,0.0,0.0,0.0,-0.000579261,0.0,0.0,0.0,0.0,0.0,0.0
185,185,187.0,44,0,0,0,0,0,0,5,0,0,0,0,0,0,0,0.0,0.0,0.0,0.0,0.0,0.0,0.0,0.0,0.0,0.0,0.0,0.0,0.0,0.0
186,186,188.0,28,0,0,0,0,0,0,0,0,0,0,0,0,0,0,0.0,0.0,0.0,0.0,0.0,0.0,0.0,0.0,0.0,0.0,0.0,0.0,0.0,0.0
187,187,189.0,58,0,0,0,2,0,0,1,0,0,0,2,0,0,0,0.0,0.0,0.0,0.00086615176,0.0,0.0,0.0,0.0,0.0,0.0,0.0012919053,0.0,0.0,0.0
188,188,190.0,158,2,9,0,0,0,0,1,2,9,0,0,0,0,0,-0.00032537652,-0.0017970151,0.0,0.0,0.0,0.0,0.0,-0.0004961506,-0.0028197917,0.0,0.0,0.0,0.0,0.0
189,189,191.0,91,0,0,0,0,0,0,0,0,0,0,0,0,0,0,0.0,0.0,0.0,0.0,0.0,0.0,0.0,0.0,0.0,0.0,0.0,0.0,0.0,0.0
190,190,192.0,102,0,0,0,0,0,0,0,0,0,0,0,0,0,0,0.0,0.0,0.0,0.0,0.0,0.0,0.0,0.0,0.0,0.0,0.0,0.0,0.0,0.0
191,191,193.0,36,0,0,0,0,0,0,1,0,0,0,0,0,0,0,0.0,0.0,0.0,0.0,0.0,0.0,0.0,0.0,0.0,0.0,0.0,0.0,0.0,0.0
192,192,194.0,84,0,0,0,0,0,0,0,0,0,0,0,0,0,0,0.0,0.0,0.0,0.0,0.0,0.0,0.0,0.0,0.0,0.0,0.0,0.0,0.0,0.0
193,193,195.0,60,0,0,0,0,0,0,1,0,0,0,0,0,0,0,0.0,0.0,0.0,0.0,0.0,0.0,0.0,0.0,0.0,0.0,0.0,0.0,0.0,0.0
194,194,196.0,106,0,0,0,0,0,1,1,0,0,0,0,0,1,0,0.0,0.0,0.0,0.0,0.0,0.0002267872,0.0,0.0,0.0,0.0,0.0,0.0,0.00032747904,0.0
195,195,197.0,40,0,0,0,0,0,0,2,0,0,0,0,0,0,0,0.0,0.0,0.0,0.0,0.0,0.0,0.0,0.0,0.0,0.0,0.0,0.0,0.0,0.0
196,196,198.0,35,0,0,0,0,0,0,0,0,0,0,0,0,0,0,0.0,0.0,0.0,0.0,0.0,0.0,0.0,0.0,0.0,0.0,0.0,0.0,0.0,0.0
197,197,199.0,50,0,0,0,0,0,0,0,0,0,0,0,0,0,0,0.0,0.0,0.0,0.0,0.0,0.0,0.0,0.0,0.0,0.0,0.0,0.0,0.0,0.0
198,198,200.0,94,0,0,0,0,0,0,0,0,0,0,0,0,0,0,0.0,0.0,0.0,0.0,0.0,0.0,0.0,0.0,0.0,0.0,0.0,0.0,0.0,0.0
199,199,201.0,130,0,0,0,0,0,0,0,0,0,0,0,0,0,0,0.0,0.0,0.0,0.0,0.0,0.0,0.0,0.0,0.0,0.0,0.0,0.0,0.0,0.0
200,200,202.0,38,0,0,0,0,0,0,0,0,0,0,0,0,0,0,0.0,0.0,0.0,0.0,0.0,0.0,0.0,0.0,0.0,0.0,0.0,0.0,0.0,0.0
201,201,203.0,67,0,25,0,0,0,0,8,0,25,0,0,0,0,0,0.0,0.014870098,0.0,0.0,0.0,0.0,0.0,0.0,0.012471751,0.0,0.0,0.0,0.0,0.0
202,202,204.0,40,29,0,1,0,0,0,0,29,0,1,0,0,0,0,-0.024865376,0.0,-0.00071409845,0.0,0.0,0.0,0.0,-0.033321835,0.0,-0.0008178232,0.0,0.0,0.0,0.0
203,203,205.0,42,0,0,0,0,0,0,3,0,0,0,0,0,0,0,0.0,0.0,0.0,0.0,0.0,0.0,0.0,0.0,0.0,0.0,0.0,0.0,0.0,0.0
204,204,206.0,62,17,7,0,0,0,0,0,17,7,0,0,0,0,0,-0.009957714,-0.003958849,0.0,0.0,0.0,0.0,0.0,-0.012297814,-0.004292708,0.0,0.0,0.0,0.0,0.0
205,205,207.0,27,0,0,2,0,0,0,0,0,0,2,0,0,0,0,0.0,0.0,0.0015569746,0.0,0.0,0.0,0.0,0.0,0.0,0.002047524,0.0,0.0,0.0,0.0
206,206,208.0,40,1,0,0,0,0,0,0,1,0,0,0,0,0,0,-0.00084746984,0.0,0.0,0.0,0.0,0.0,0.0,-0.00086425216,0.0,0.0,0.0,0.0,0.0,0.0
207,207,209.0,57,5,5,0,0,0,0,0,5,5,0,0,0,0,0,-0.0030949945,-0.0023760695,0.0,0.0,0.0,0.0,0.0,-0.0029100433,-0.00357777,0.0,0.0,0.0,0.0,0.0
208,208,210.0,53,0,0,0,0,0,0,0,0,0,0,0,0,0,0,0.0,0.0,0.0,0.0,0.0,0.0,0.0,0.0,0.0,0.0,0.0,0.0,0.0,0.0
209,209,211.0,29,0,1,0,0,0,0,0,0,1,0,0,0,0,0,0.0,0.0013484679,0.0,0.0,0.0,0.0,0.0,0.0,0.0011086098,0.0,0.0,0.0,0.0,0.0
210,210,212.0,34,0,0,0,0,0,0,0,0,0,0,0,0,0,0,0.0,0.0,0.0,0.0,0.0,0.0,0.0,0.0,0.0,0.0,0.0,0.0,0.0,0.0
211,211,213.0,30,0,0,0,0,0,0,0,0,0,0,0,0,0,0,0.0,0.0,0.0,0.0,0.0,0.0,0.0,0.0,0.0,0.0,0.0,0.0,0.0,0.0
212,212,214.0,78,0,0,0,0,0,0,0,0,0,0,0,0,0,0,0.0,0.0,0.0,0.0,0.0,0.0,0.0,0.0,0.0,0.0,0.0,0.0,0.0,0.0
213,213,215.0,76,0,18,0,0,0,0,1,0,18,0,0,0,0,0,0.0,0.007051033,0.0,0.0,0.0,0.0,0.0,0.0,0.00937712,0.0,0.0,0.0,0.0,0.0
214,214,216.0,86,0,1,0,0,0,0,2,0,1,0,0,0,0,0,0.0,0.0002806205,0.0,0.0,0.0,0.0,0.0,0.0,0.00050750724,0.0,0.0,0.0,0.0,0.0
215,215,217.0,47,0,0,0,0,0,0,0,0,0,0,0,0,0,0,0.0,0.0,0.0,0.0,0.0,0.0,0.0,0.0,0.0,0.0,0.0,0.0,0.0,0.0
216,216,218.0,40,0,0,0,0,0,0,0,0,0,0,0,0,0,0,0.0,0.0,0.0,0.0,0.0,0.0,0.0,0.0,0.0,0.0,0.0,0.0,0.0,0.0
217,217,219.0,35,0,0,0,0,0,2,0,0,0,0,0,0,2,0,0.0,0.0,0.0,0.0,0.0,-0.0018084917,0.0,0.0,0.0,0.0,0.0,0.0,-0.0017019085,0.0
218,218,220.0,61,0,2,0,0,0,0,5,0,2,0,0,0,0,1,0.0,-0.0011719784,0.0,0.0,0.0,0.0,-0.0004904854,0.0,-0.0017344676,0.0,0.0,0.0,0.0,-0.0003607416
219,219,221.0,28,0,0,0,0,0,0,0,0,0,0,0,0,0,0,0.0,0.0,0.0,0.0,0.0,0.0,0.0,0.0,0.0,0.0,0.0,0.0,0.0,0.0
220,220,222.0,42,0,0,0,0,0,0,0,0,0,0,0,0,0,0,0.0,0.0,0.0,0.0,0.0,0.0,0.0,0.0,0.0,0.0,0.0,0.0,0.0,0.0
221,221,223.0,81,0,2,0,0,0,0,0,0,2,0,0,0,0,0,0.0,-0.0008633663,0.0,0.0,0.0,0.0,0.0,0.0,-0.00067835505,0.0,0.0,0.0,0.0,0.0
222,222,224.0,86,1,2,0,1,0,0,31,1,2,0,1,0,0,0,0.00038416975,0.0010275409,0.0,0.00029267793,0.0,0.0,0.0,0.0004344078,0.001103383,0.0,0.0003329426,0.0,0.0,0.0
223,223,225.0,38,0,9,0,0,0,0,19,0,9,0,0,0,0,0,0.0,0.006518574,0.0,0.0,0.0,0.0,0.0,0.0,0.00639731,0.0,0.0,0.0,0.0,0.0
224,224,226.0,68,0,0,0,0,0,0,4,0,0,0,0,0,0,0,0.0,0.0,0.0,0.0,0.0,0.0,0.0,0.0,0.0,0.0,0.0,0.0,0.0,0.0
225,225,227.0,53,28,0,0,1,0,0,12,28,0,0,1,0,0,0,0.028324937,0.0,0.0,0.0006020526,0.0,0.0,0.0,0.037472624,0.0,0.0,0.0009138136,0.0,0.0,0.0
226,226,228.0,72,0,0,0,0,0,0,0,0,0,0,0,0,0,0,0.0,0.0,0.0,0.0,0.0,0.0,0.0,0.0,0.0,0.0,0.0,0.0,0.0,0.0
227,227,229.0,73,0,0,0,0,0,0,6,0,0,0,0,0,0,0,0.0,0.0,0.0,0.0,0.0,0.0,0.0,0.0,0.0,0.0,0.0,0.0,0.0,0.0
228,228,230.0,107,12,12,0,0,0,0,22,12,12,0,0,0,0,0,-0.003712971,-0.00044281821,0.0,0.0,0.0,0.0,0.0,-0.0046726386,-0.00033692626,0.0,0.0,0.0,0.0,0.0
229,229,231.0,24,0,0,0,0,0,0,0,0,0,0,0,0,0,0,0.0,0.0,0.0,0.0,0.0,0.0,0.0,0.0,0.0,0.0,0.0,0.0,0.0,0.0
230,230,232.0,24,0,0,0,0,0,0,0,0,0,0,0,0,0,0,0.0,0.0,0.0,0.0,0.0,0.0,0.0,0.0,0.0,0.0,0.0,0.0,0.0,0.0
231,231,233.0,60,20,8,0,2,0,0,0,20,8,0,2,0,0,0,-0.010935549,0.0031192228,0.0,0.0011835678,0.0,0.0,0.0,-0.02898765,0.0042596376,0.0,0.0013311302,0.0,0.0,0.0
232,232,234.0,44,3,25,0,3,0,0,6,3,25,0,3,0,0,0,-0.0020147837,0.021896325,0.0,0.0031356672,0.0,0.0,0.0,-0.0052705947,0.030014731,0.0,0.003531569,0.0,0.0,0.0
233,233,235.0,57,5,0,0,0,0,0,10,5,0,0,0,0,0,0,-0.005560638,0.0,0.0,0.0,0.0,0.0,0.0,-0.0043675876,0.0,0.0,0.0,0.0,0.0,0.0
234,234,236.0,30,26,0,0,0,0,0,3,26,0,0,0,0,0,0,-0.06763744,0.0,0.0,0.0,0.0,0.0,0.0,-0.055013668,0.0,0.0,0.0,0.0,0.0,0.0
235,235,237.0,79,13,0,8,0,0,0,4,13,0,8,0,0,0,0,-0.006827888,0.0,-0.002139538,0.0,0.0,0.0,0.0,-0.006786594,0.0,-0.0031509781,0.0,0.0,0.0,0.0
236,236,238.0,34,0,9,0,0,0,0,2,0,9,0,0,0,0,0,0.0,-0.009439291,0.0,0.0,0.0,0.0,0.0,0.0,-0.020391747,0.0,0.0,0.0,0.0,0.0
237,237,239.0,47,0,0,0,0,0,0,7,0,0,0,0,0,0,0,0.0,0.0,0.0,0.0,0.0,0.0,0.0,0.0,0.0,0.0,0.0,0.0,0.0,0.0
238,238,240.0,25,0,0,10,0,0,0,0,0,0,10,0,0,0,0,0.0,0.0,-0.008197714,0.0,0.0,0.0,0.0,0.0,0.0,-0.011962221,0.0,0.0,0.0,0.0
239,239,241.0,39,0,0,0,0,0,0,0,0,0,0,0,0,0,0,0.0,0.0,0.0,0.0,0.0,0.0,0.0,0.0,0.0,0.0,0.0,0.0,0.0,0.0
240,240,242.0,51,0,0,0,0,0,0,0,0,0,0,0,0,0,0,0.0,0.0,0.0,0.0,0.0,0.0,0.0,0.0,0.0,0.0,0.0,0.0,0.0,0.0
241,241,243.0,128,0,4,0,1,0,0,1,0,4,0,1,0,0,0,0.0,-0.0009916015,0.0,0.000241306,0.0,0.0,0.0,0.0,-0.0009258541,0.0,0.0003244204,0.0,0.0,0.0
242,242,244.0,72,0,0,0,0,0,0,1,0,0,0,0,0,0,0,0.0,0.0,0.0,0.0,0.0,0.0,0.0,0.0,0.0,0.0,0.0,0.0,0.0,0.0
243,243,245.0,24,0,0,0,0,0,0,16,0,0,0,0,0,0,0,0.0,0.0,0.0,0.0,0.0,0.0,0.0,0.0,0.0,0.0,0.0,0.0,0.0,0.0
244,244,246.0,54,0,0,0,0,0,0,7,0,0,0,0,0,0,0,0.0,0.0,0.0,0.0,0.0,0.0,0.0,0.0,0.0,0.0,0.0,0.0,0.0,0.0
245,245,247.0,72,12,0,0,0,0,0,7,12,0,0,0,0,0,0,0.006831415,0.0,0.0,0.0,0.0,0.0,0.0,0.010562776,0.0,0.0,0.0,0.0,0.0,0.0
246,246,248.0,71,0,0,0,0,0,0,0,0,0,0,0,0,0,0,0.0,0.0,0.0,0.0,0.0,0.0,0.0,0.0,0.0,0.0,0.0,0.0,0.0,0.0
247,247,249.0,27,0,0,0,0,0,0,0,0,0,0,0,0,0,0,0.0,0.0,0.0,0.0,0.0,0.0,0.0,0.0,0.0,0.0,0.0,0.0,0.0,0.0
248,248,250.0,52,0,0,0,0,0,0,0,0,0,0,0,0,0,0,0.0,0.0,0.0,0.0,0.0,0.0,0.0,0.0,0.0,0.0,0.0,0.0,0.0,0.0
249,249,251.0,58,0,0,0,0,0,0,1,0,0,0,0,0,0,0,0.0,0.0,0.0,0.0,0.0,0.0,0.0,0.0,0.0,0.0,0.0,0.0,0.0,0.0
250,250,252.0,25,0,0,0,0,0,0,0,0,0,0,0,0,0,0,0.0,0.0,0.0,0.0,0.0,0.0,0.0,0.0,0.0,0.0,0.0,0.0,0.0,0.0
251,251,253.0,40,1,0,0,0,0,0,0,1,0,0,0,0,0,0,-0.0009276611,0.0,0.0,0.0,0.0,0.0,0.0,-0.0009991053,0.0,0.0,0.0,0.0,0.0,0.0
252,252,254.0,59,4,3,0,0,0,3,0,4,3,0,0,0,3,0,-0.0007335324,0.0070383796,0.0,0.0,0.0,0.006190633,0.0,-0.0018340201,0.0038272152,0.0,0.0,0.0,0.006624976,0.0
253,253,255.0,84,0,2,0,0,0,0,13,0,2,0,0,0,0,13,0.0,-0.00065844425,0.0,0.0,0.0,0.0,0.003749698,0.0,-0.000875697,0.0,0.0,0.0,0.0,0.0053181713
254,254,256.0,50,0,0,0,0,0,0,0,0,0,0,0,0,0,0,0.0,0.0,0.0,0.0,0.0,0.0,0.0,0.0,0.0,0.0,0.0,0.0,0.0,0.0
255,255,257.0,151,0,0,0,0,0,0,0,0,0,0,0,0,0,0,0.0,0.0,0.0,0.0,0.0,0.0,0.0,0.0,0.0,0.0,0.0,0.0,0.0,0.0
256,256,258.0,128,25,0,0,0,0,0,8,25,0,0,0,0,0,8,0.009312565,0.0,0.0,0.0,0.0,0.0,0.001821346,0.012527391,0.0,0.0,0.0,0.0,0.0,0.0026702844
257,257,259.0,53,53,0,0,0,0,6,0,53,0,0,0,0,6,0,0.049370896,0.0,0.0,0.0,0.0,0.0030078117,0.0,0.06942451,0.0,0.0,0.0,0.0,0.0040304405,0.0
258,258,260.0,21,0,0,1,0,0,0,0,0,0,1,0,0,0,0,0.0,0.0,-0.0022879303,0.0,0.0,0.0,0.0,0.0,0.0,-0.0027225215,0.0,0.0,0.0,0.0
259,259,261.0,112,0,0,0,0,0,0,0,0,0,0,0,0,0,0,0.0,0.0,0.0,0.0,0.0,0.0,0.0,0.0,0.0,0.0,0.0,0.0,0.0,0.0
260,260,262.0,171,0,0,0,0,0,0,0,0,0,0,0,0,0,0,0.0,0.0,0.0,0.0,0.0,0.0,0.0,0.0,0.0,0.0,0.0,0.0,0.0,0.0
261,261,263.0,187,0,0,0,0,0,0,0,0,0,0,0,0,0,0,0.0,0.0,0.0,0.0,0.0,0.0,0.0,0.0,0.0,0.0,0.0,0.0,0.0,0.0
262,262,264.0,58,0,0,0,0,0,0,0,0,0,0,0,0,0,0,0.0,0.0,0.0,0.0,0.0,0.0,0.0,0.0,0.0,0.0,0.0,0.0,0.0,0.0
263,263,265.0,105,0,0,0,0,0,0,1,0,0,0,0,0,0,1,0.0,0.0,0.0,0.0,0.0,0.0,0.00012592209,0.0,0.0,0.0,0.0,0.0,0.0,0.00018443697
264,264,266.0,70,0,0,0,0,0,0,0,0,0,0,0,0,0,0,0.0,0.0,0.0,0.0,0.0,0.0,0.0,0.0,0.0,0.0,0.0,0.0,0.0,0.0
265,265,267.0,113,0,0,0,0,0,0,0,0,0,0,0,0,0,0,0.0,0.0,0.0,0.0,0.0,0.0,0.0,0.0,0.0,0.0,0.0,0.0,0.0,0.0
266,266,268.0,48,0,0,0,0,0,0,0,0,0,0,0,0,0,0,0.0,0.0,0.0,0.0,0.0,0.0,0.0,0.0,0.0,0.0,0.0,0.0,0.0,0.0
267,267,269.0,154,8,0,0,2,13,2,1,8,0,0,2,13,2,1,-0.0068253363,0.0,0.0,0.00031447172,0.0018800865,-0.00038418875,-0.00016229144,-0.009368031,0.0,0.0,0.000541753,0.0029934556,-0.0004618762,-0.0001768399
268,268,270.0,74,1,0,0,0,0,0,0,1,0,0,0,0,0,0,0.00018788218,0.0,0.0,0.0,0.0,0.0,0.0,0.00023938867,0.0,0.0,0.0,0.0,0.0,0.0
269,269,271.0,68,0,0,0,0,0,0,3,0,0,0,0,0,0,0,0.0,0.0,0.0,0.0,0.0,0.0,0.0,0.0,0.0,0.0,0.0,0.0,0.0,0.0
270,270,272.0,105,0,2,0,0,0,0,1,0,2,0,0,0,0,1,0.0,-0.00040510704,0.0,0.0,0.0,0.0,0.00014813054,0.0,-0.00054372544,0.0,0.0,0.0,0.0,0.00027508748
271,271,273.0,93,0,0,0,0,0,0,2,0,0,0,0,0,0,0,0.0,0.0,0.0,0.0,0.0,0.0,0.0,0.0,0.0,0.0,0.0,0.0,0.0,0.0
272,272,274.0,100,0,0,0,0,0,0,0,0,0,0,0,0,0,0,0.0,0.0,0.0,0.0,0.0,0.0,0.0,0.0,0.0,0.0,0.0,0.0,0.0,0.0
273,273,275.0,47,0,0,0,0,0,0,0,0,0,0,0,0,0,0,0.0,0.0,0.0,0.0,0.0,0.0,0.0,0.0,0.0,0.0,0.0,0.0,0.0,0.0
274,274,276.0,67,0,0,0,0,0,0,2,0,0,0,0,0,0,0,0.0,0.0,0.0,0.0,0.0,0.0,0.0,0.0,0.0,0.0,0.0,0.0,0.0,0.0
275,275,277.0,92,0,0,0,0,0,0,0,0,0,0,0,0,0,0,0.0,0.0,0.0,0.0,0.0,0.0,0.0,0.0,0.0,0.0,0.0,0.0,0.0,0.0
276,276,278.0,63,0,0,0,0,0,0,1,0,0,0,0,0,0,1,0.0,0.0,0.0,0.0,0.0,0.0,0.00034421854,0.0,0.0,0.0,0.0,0.0,0.0,0.0005232686
277,277,279.0,91,0,0,0,0,0,0,0,0,0,0,0,0,0,0,0.0,0.0,0.0,0.0,0.0,0.0,0.0,0.0,0.0,0.0,0.0,0.0,0.0,0.0
278,278,280.0,46,3,0,0,0,0,0,0,3,0,0,0,0,0,0,-0.0051429546,0.0,0.0,0.0,0.0,0.0,0.0,-0.0073085353,0.0,0.0,0.0,0.0,0.0,0.0
279,279,281.0,43,0,0,0,0,0,2,9,0,0,0,0,0,2,0,0.0,0.0,0.0,0.0,0.0,0.00079093536,0.0,0.0,0.0,0.0,0.0,0.0,0.0011423812,0.0
280,280,282.0,57,0,0,0,0,0,0,0,0,0,0,0,0,0,0,0.0,0.0,0.0,0.0,0.0,0.0,0.0,0.0,0.0,0.0,0.0,0.0,0.0,0.0
281,281,283.0,127,0,0,0,0,0,0,0,0,0,0,0,0,0,0,0.0,0.0,0.0,0.0,0.0,0.0,0.0,0.0,0.0,0.0,0.0,0.0,0.0,0.0
282,282,284.0,68,0,0,0,0,0,0,0,0,0,0,0,0,0,0,0.0,0.0,0.0,0.0,0.0,0.0,0.0,0.0,0.0,0.0,0.0,0.0,0.0,0.0
283,283,285.0,149,0,0,0,0,0,0,10,0,0,0,0,0,0,0,0.0,0.0,0.0,0.0,0.0,0.0,0.0,0.0,0.0,0.0,0.0,0.0,0.0,0.0
284,284,286.0,74,0,0,0,0,0,0,0,0,0,0,0,0,0,0,0.0,0.0,0.0,0.0,0.0,0.0,0.0,0.0,0.0,0.0,0.0,0.0,0.0,0.0
285,285,287.0,261,0,0,1,0,0,0,7,0,0,1,0,0,0,6,0.0,0.0,3.2731783e-05,0.0,0.0,0.0,0.00035592902,0.0,0.0,6.80039e-05,0.0,0.0,0.0,0.0006133102
286,286,288.0,55,0,0,0,0,0,0,6,0,0,0,0,0,0,0,0.0,0.0,0.0,0.0,0.0,0.0,0.0,0.0,0.0,0.0,0.0,0.0,0.0,0.0
287,287,289.0,98,0,0,0,0,0,0,5,0,0,0,0,0,0,0,0.0,0.0,0.0,0.0,0.0,0.0,0.0,0.0,0.0,0.0,0.0,0.0,0.0,0.0
288,288,290.0,56,0,0,0,0,0,0,0,0,0,0,0,0,0,0,0.0,0.0,0.0,0.0,0.0,0.0,0.0,0.0,0.0,0.0,0.0,0.0,0.0,0.0
289,289,291.0,117,0,45,0,0,1,0,1,0,45,0,0,1,0,0,0.0,0.012500134,0.0,0.0,0.00030237567,0.0,0.0,0.0,0.013749726,0.0,0.0,0.00032731684,0.0,0.0
290,290,292.0,67,0,4,0,0,0,0,5,0,4,0,0,0,0,0,0.0,0.0025044773,0.0,0.0,0.0,0.0,0.0,0.0,0.0035958646,0.0,0.0,0.0,0.0,0.0
291,291,293.0,57,0,1,0,0,0,0,0,0,1,0,0,0,0,0,0.0,-0.0013770929,0.0,0.0,0.0,0.0,0.0,0.0,-0.0020034837,0.0,0.0,0.0,0.0,0.0
292,292,294.0,50,0,0,0,0,0,0,0,0,0,0,0,0,0,0,0.0,0.0,0.0,0.0,0.0,0.0,0.0,0.0,0.0,0.0,0.0,0.0,0.0,0.0
293,293,295.0,33,5,2,0,0,0,0,0,5,2,0,0,0,0,0,-0.003712422,0.0018624975,0.0,0.0,0.0,0.0,0.0,-0.008518881,0.002207564,0.0,0.0,0.0,0.0,0.0
294,294,296.0,38,0,0,0,0,1,0,0,0,0,0,0,1,0,0,0.0,0.0,0.0,0.0,0.0009453987,0.0,0.0,0.0,0.0,0.0,0.0,0.0012756366,0.0,0.0
295,295,298.0,112,3,21,1,1,0,0,0,3,21,1,1,0,0,0,0.0019370228,0.007948731,0.00028633437,-0.00022735205,0.0,0.0,0.0,0.0015877577,0.011103345,0.00043687457,-0.00037599835,0.0,0.0,0.0
296,296,299.0,66,1,2,0,0,0,0,0,1,2,0,0,0,0,0,0.00065231853,0.0010357758,0.0,0.0,0.0,0.0,0.0,0.0015309204,0.001293896,0.0,0.0,0.0,0.0,0.0
297,297,300.0,42,0,0,0,0,0,0,1,0,0,0,0,0,0,0,0.0,0.0,0.0,0.0,0.0,0.0,0.0,0.0,0.0,0.0,0.0,0.0,0.0,0.0
298,298,301.0,324,0,3,43,0,0,0,4,0,3,43,0,0,0,4,0.0,-0.00033210195,0.0013228079,0.0,0.0,0.0,0.0006884727,0.0,-0.0002459963,0.0010713498,0.0,0.0,0.0,0.0007483179
299,299,302.0,111,1,60,0,5,0,0,53,1,60,0,5,0,0,0,0.00032880253,0.028186778,0.0,0.0019266581,0.0,0.0,0.0,0.00012381123,0.031561997,0.0,0.002354074,0.0,0.0,0.0
300,300,303.0,101,19,1,0,0,0,0,2,19,1,0,0,0,0,0,-0.0057006604,-0.00020017289,0.0,0.0,0.0,0.0,0.0,-0.0048889727,-0.00037011312,0.0,0.0,0.0,0.0,0.0
301,301,305.0,51,0,0,0,0,0,0,6,0,0,0,0,0,0,0,0.0,0.0,0.0,0.0,0.0,0.0,0.0,0.0,0.0,0.0,0.0,0.0,0.0,0.0
302,302,306.0,108,9,0,0,0,0,0,57,9,0,0,0,0,0,1,-0.00045780095,0.0,0.0,0.0,0.0,0.0,0.00043860817,-0.000823437,0.0,0.0,0.0,0.0,0.0,0.0006158945
303,303,307.0,306,0,0,18,0,0,0,14,0,0,18,0,0,0,14,0.0,0.0,-0.00079029275,0.0,0.0,0.0,0.0023907705,0.0,0.0,-0.0012021721,0.0,0.0,0.0,0.0025974347
304,304,308.0,126,0,0,0,0,0,0,3,0,0,0,0,0,0,3,0.0,0.0,0.0,0.0,0.0,0.0,0.0002604338,0.0,0.0,0.0,0.0,0.0,0.0,0.00044426534
305,305,309.0,112,0,0,0,0,0,0,3,0,0,0,0,0,0,0,0.0,0.0,0.0,0.0,0.0,0.0,0.0,0.0,0.0,0.0,0.0,0.0,0.0,0.0
306,306,310.0,125,0,0,0,0,0,0,2,0,0,0,0,0,0,2,0.0,0.0,0.0,0.0,0.0,0.0,0.0004160195,0.0,0.0,0.0,0.0,0.0,0.0,0.00050198
307,307,311.0,61,0,0,0,0,0,0,0,0,0,0,0,0,0,0,0.0,0.0,0.0,0.0,0.0,0.0,0.0,0.0,0.0,0.0,0.0,0.0,0.0,0.0
308,308,312.0,42,0,0,0,0,0,0,0,0,0,0,0,0,0,0,0.0,0.0,0.0,0.0,0.0,0.0,0.0,0.0,0.0,0.0,0.0,0.0,0.0,0.0
309,309,313.0,29,0,0,0,0,0,0,0,0,0,0,0,0,0,0,0.0,0.0,0.0,0.0,0.0,0.0,0.0,0.0,0.0,0.0,0.0,0.0,0.0,0.0
310,310,314.0,56,0,0,0,0,0,0,13,0,0,0,0,0,0,0,0.0,0.0,0.0,0.0,0.0,0.0,0.0,0.0,0.0,0.0,0.0,0.0,0.0,0.0
311,311,315.0,59,0,0,0,0,0,0,0,0,0,0,0,0,0,0,0.0,0.0,0.0,0.0,0.0,0.0,0.0,0.0,0.0,0.0,0.0,0.0,0.0,0.0
312,312,316.0,32,0,6,0,0,0,0,0,0,6,0,0,0,0,0,0.0,-0.0037906389,0.0,0.0,0.0,0.0,0.0,0.0,-0.0046975273,0.0,0.0,0.0,0.0,0.0
313,313,317.0,60,0,0,0,0,0,0,12,0,0,0,0,0,0,0,0.0,0.0,0.0,0.0,0.0,0.0,0.0,0.0,0.0,0.0,0.0,0.0,0.0,0.0
314,314,318.0,52,0,1,0,0,0,0,0,0,1,0,0,0,0,0,0.0,-0.0011576663,0.0,0.0,0.0,0.0,0.0,0.0,-0.0016110225,0.0,0.0,0.0,0.0,0.0
315,315,319.0,23,0,0,0,0,0,0,0,0,0,0,0,0,0,0,0.0,0.0,0.0,0.0,0.0,0.0,0.0,0.0,0.0,0.0,0.0,0.0,0.0,0.0
316,316,320.0,55,0,0,0,0,0,0,0,0,0,0,0,0,0,0,0.0,0.0,0.0,0.0,0.0,0.0,0.0,0.0,0.0,0.0,0.0,0.0,0.0,0.0
317,317,321.0,38,0,0,0,0,0,0,0,0,0,0,0,0,0,0,0.0,0.0,0.0,0.0,0.0,0.0,0.0,0.0,0.0,0.0,0.0,0.0,0.0,0.0
318,318,322.0,33,0,0,0,0,0,0,0,0,0,0,0,0,0,0,0.0,0.0,0.0,0.0,0.0,0.0,0.0,0.0,0.0,0.0,0.0,0.0,0.0,0.0
319,319,323.0,49,0,0,0,0,0,0,0,0,0,0,0,0,0,0,0.0,0.0,0.0,0.0,0.0,0.0,0.0,0.0,0.0,0.0,0.0,0.0,0.0,0.0
320,320,324.0,62,0,0,0,0,0,0,1,0,0,0,0,0,0,1,0.0,0.0,0.0,0.0,0.0,0.0,0.00036004483,0.0,0.0,0.0,0.0,0.0,0.0,0.00056895986
321,321,325.0,66,0,0,0,0,0,0,0,0,0,0,0,0,0,0,0.0,0.0,0.0,0.0,0.0,0.0,0.0,0.0,0.0,0.0,0.0,0.0,0.0,0.0
322,322,326.0,89,0,0,0,0,0,0,0,0,0,0,0,0,0,0,0.0,0.0,0.0,0.0,0.0,0.0,0.0,0.0,0.0,0.0,0.0,0.0,0.0,0.0
323,323,327.0,93,0,0,0,0,0,0,0,0,0,0,0,0,0,0,0.0,0.0,0.0,0.0,0.0,0.0,0.0,0.0,0.0,0.0,0.0,0.0,0.0,0.0
324,324,328.0,87,0,0,2,0,0,0,47,0,0,2,0,0,0,39,0.0,0.0,-0.00033822286,0.0,0.0,0.0,0.009870019,0.0,0.0,-0.0006627021,0.0,0.0,0.0,0.014255996
325,325,329.0,161,0,0,0,0,0,0,0,0,0,0,0,0,0,0,0.0,0.0,0.0,0.0,0.0,0.0,0.0,0.0,0.0,0.0,0.0,0.0,0.0,0.0
326,326,330.0,39,0,0,0,0,0,0,0,0,0,0,0,0,0,0,0.0,0.0,0.0,0.0,0.0,0.0,0.0,0.0,0.0,0.0,0.0,0.0,0.0,0.0
327,327,331.0,75,0,0,0,0,0,0,7,0,0,0,0,0,0,0,0.0,0.0,0.0,0.0,0.0,0.0,0.0,0.0,0.0,0.0,0.0,0.0,0.0,0.0
328,328,332.0,154,0,0,0,0,0,0,0,0,0,0,0,0,0,0,0.0,0.0,0.0,0.0,0.0,0.0,0.0,0.0,0.0,0.0,0.0,0.0,0.0,0.0
329,329,333.0,77,25,1,0,0,0,0,12,25,1,0,0,0,0,10,-0.009195061,-0.00078576716,0.0,0.0,0.0,0.0,0.0028539589,-0.0134437485,-0.0011159929,0.0,0.0,0.0,0.0,0.004686949
330,330,334.0,35,0,0,0,0,0,0,0,0,0,0,0,0,0,0,0.0,0.0,0.0,0.0,0.0,0.0,0.0,0.0,0.0,0.0,0.0,0.0,0.0,0.0
331,331,335.0,197,0,5,0,0,0,0,0,0,5,0,0,0,0,0,0.0,0.0005689161,0.0,0.0,0.0,0.0,0.0,0.0,0.0009177182,0.0,0.0,0.0,0.0,0.0
332,332,336.0,164,33,0,0,0,0,0,0,33,0,0,0,0,0,0,-0.0032504776,0.0,0.0,0.0,0.0,0.0,0.0,-0.008099153,0.0,0.0,0.0,0.0,0.0,0.0
333,333,337.0,78,0,3,0,0,0,0,0,0,3,0,0,0,0,0,0.0,-0.0004122931,0.0,0.0,0.0,0.0,0.0,0.0,-0.00091055385,0.0,0.0,0.0,0.0,0.0
334,334,338.0,56,0,0,0,0,0,0,0,0,0,0,0,0,0,0,0.0,0.0,0.0,0.0,0.0,0.0,0.0,0.0,0.0,0.0,0.0,0.0,0.0,0.0
335,335,339.0,31,0,0,0,0,0,0,0,0,0,0,0,0,0,0,0.0,0.0,0.0,0.0,0.0,0.0,0.0,0.0,0.0,0.0,0.0,0.0,0.0,0.0
336,336,340.0,41,0,0,0,0,0,0,11,0,0,0,0,0,0,11,0.0,0.0,0.0,0.0,0.0,0.0,0.005755658,0.0,0.0,0.0,0.0,0.0,0.0,0.0081354175
337,337,341.0,87,0,6,0,0,0,0,1,0,6,0,0,0,0,1,0.0,-0.0016902676,0.0,0.0,0.0,0.0,0.00023165222,0.0,-0.002595073,0.0,0.0,0.0,0.0,0.0003980548
338,338,342.0,22,0,0,0,0,0,0,19,0,0,0,0,0,0,2,0.0,0.0,0.0,0.0,0.0,0.0,0.0022139065,0.0,0.0,0.0,0.0,0.0,0.0,0.0036258968
339,339,343.0,26,0,0,0,0,0,0,0,0,0,0,0,0,0,0,0.0,0.0,0.0,0.0,0.0,0.0,0.0,0.0,0.0,0.0,0.0,0.0,0.0,0.0
340,340,344.0,106,0,0,0,0,0,0,1,0,0,0,0,0,0,0,0.0,0.0,0.0,0.0,0.0,0.0,0.0,0.0,0.0,0.0,0.0,0.0,0.0,0.0
341,341,345.0,36,0,0,0,0,0,0,0,0,0,0,0,0,0,0,0.0,0.0,0.0,0.0,0.0,0.0,0.0,0.0,0.0,0.0,0.0,0.0,0.0,0.0
342,342,346.0,49,0,2,0,0,0,0,19,0,2,0,0,0,0,0,0.0,0.00010789669,0.0,0.0,0.0,0.0,0.0,0.0,0.0007929122,0.0,0.0,0.0,0.0,0.0
343,343,347.0,50,13,0,0,0,0,0,23,13,0,0,0,0,0,0,-0.004887498,0.0,0.0,0.0,0.0,0.0,0.0,-0.01003755,0.0,0.0,0.0,0.0,0.0,0.0
344,344,348.0,29,0,0,0,1,0,0,2,0,0,0,1,0,0,2,0.0,0.0,0.0,0.0015987592,0.0,0.0,0.002471754,0.0,0.0,0.0,0.0021260513,0.0,0.0,0.0029685544
345,345,349.0,57,0,0,0,0,0,0,13,0,0,0,0,0,0,0,0.0,0.0,0.0,0.0,0.0,0.0,0.0,0.0,0.0,0.0,0.0,0.0,0.0,0.0
346,346,350.0,52,0,0,0,0,0,0,37,0,0,0,0,0,0,0,0.0,0.0,0.0,0.0,0.0,0.0,0.0,0.0,0.0,0.0,0.0,0.0,0.0,0.0
347,347,351.0,53,12,0,0,0,0,0,1,12,0,0,0,0,0,1,-0.008282034,0.0,0.0,0.0,0.0,0.0,0.00060764566,-0.012306122,0.0,0.0,0.0,0.0,0.0,0.0009304439
348,348,352.0,55,0,0,0,0,0,0,0,0,0,0,0,0,0,0,0.0,0.0,0.0,0.0,0.0,0.0,0.0,0.0,0.0,0.0,0.0,0.0,0.0,0.0
349,349,353.0,97,0,0,0,0,0,0,0,0,0,0,0,0,0,0,0.0,0.0,0.0,0.0,0.0,0.0,0.0,0.0,0.0,0.0,0.0,0.0,0.0,0.0
350,350,354.0,21,0,0,0,0,0,0,3,0,0,0,0,0,0,0,0.0,0.0,0.0,0.0,0.0,0.0,0.0,0.0,0.0,0.0,0.0,0.0,0.0,0.0
351,351,355.0,32,0,0,0,0,0,0,0,0,0,0,0,0,0,0,0.0,0.0,0.0,0.0,0.0,0.0,0.0,0.0,0.0,0.0,0.0,0.0,0.0,0.0
352,352,356.0,43,0,0,0,0,0,0,0,0,0,0,0,0,0,0,0.0,0.0,0.0,0.0,0.0,0.0,0.0,0.0,0.0,0.0,0.0,0.0,0.0,0.0
353,353,357.0,138,0,0,0,0,0,0,0,0,0,0,0,0,0,0,0.0,0.0,0.0,0.0,0.0,0.0,0.0,0.0,0.0,0.0,0.0,0.0,0.0,0.0
354,354,358.0,36,0,0,0,0,0,0,5,0,0,0,0,0,0,0,0.0,0.0,0.0,0.0,0.0,0.0,0.0,0.0,0.0,0.0,0.0,0.0,0.0,0.0
355,355,359.0,31,0,0,0,0,0,0,0,0,0,0,0,0,0,0,0.0,0.0,0.0,0.0,0.0,0.0,0.0,0.0,0.0,0.0,0.0,0.0,0.0,0.0
356,356,360.0,38,1,0,0,0,0,0,2,1,0,0,0,0,0,2,0.0011589509,0.0,0.0,0.0,0.0,0.0,0.0012619005,0.0019879015,0.0,0.0,0.0,0.0,0.0,0.0019819138
357,357,361.0,33,0,0,0,0,0,0,5,0,0,0,0,0,0,0,0.0,0.0,0.0,0.0,0.0,0.0,0.0,0.0,0.0,0.0,0.0,0.0,0.0,0.0
358,358,362.0,40,0,0,0,0,0,0,0,0,0,0,0,0,0,0,0.0,0.0,0.0,0.0,0.0,0.0,0.0,0.0,0.0,0.0,0.0,0.0,0.0,0.0
359,359,363.0,82,0,0,0,7,0,3,0,0,0,0,7,0,3,0,0.0,0.0,0.0,0.004065763,0.0,0.0013435821,0.0,0.0,0.0,0.0,0.0051619243,0.0,0.0011385552,0.0
360,360,364.0,29,0,0,0,0,0,0,0,0,0,0,0,0,0,0,0.0,0.0,0.0,0.0,0.0,0.0,0.0,0.0,0.0,0.0,0.0,0.0,0.0,0.0
361,361,365.0,21,0,0,0,0,0,0,0,0,0,0,0,0,0,0,0.0,0.0,0.0,0.0,0.0,0.0,0.0,0.0,0.0,0.0,0.0,0.0,0.0,0.0
362,362,366.0,30,0,0,0,0,0,0,0,0,0,0,0,0,0,0,0.0,0.0,0.0,0.0,0.0,0.0,0.0,0.0,0.0,0.0,0.0,0.0,0.0,0.0
363,363,367.0,57,0,2,0,0,0,0,5,0,2,0,0,0,0,0,0.0,0.0007299274,0.0,0.0,0.0,0.0,0.0,0.0,0.0015284647,0.0,0.0,0.0,0.0,0.0
364,364,368.0,30,0,0,0,0,0,0,0,0,0,0,0,0,0,0,0.0,0.0,0.0,0.0,0.0,0.0,0.0,0.0,0.0,0.0,0.0,0.0,0.0,0.0
365,365,369.0,41,5,2,0,1,0,0,0,5,2,0,1,0,0,0,-0.0025092254,0.002733552,0.0,-0.0015717885,0.0,0.0,0.0,-0.0072804918,0.005059528,0.0,-0.0030846559,0.0,0.0,0.0
366,366,370.0,118,0,0,0,0,0,0,0,0,0,0,0,0,0,0,0.0,0.0,0.0,0.0,0.0,0.0,0.0,0.0,0.0,0.0,0.0,0.0,0.0,0.0
367,367,371.0,25,0,0,0,0,0,0,0,0,0,0,0,0,0,0,0.0,0.0,0.0,0.0,0.0,0.0,0.0,0.0,0.0,0.0,0.0,0.0,0.0,0.0
368,368,372.0,84,0,0,0,0,0,0,7,0,0,0,0,0,0,0,0.0,0.0,0.0,0.0,0.0,0.0,0.0,0.0,0.0,0.0,0.0,0.0,0.0,0.0
369,369,373.0,25,0,0,0,0,0,0,0,0,0,0,0,0,0,0,0.0,0.0,0.0,0.0,0.0,0.0,0.0,0.0,0.0,0.0,0.0,0.0,0.0,0.0
370,370,374.0,41,0,3,0,0,0,0,0,0,3,0,0,0,0,0,0.0,-0.0022169228,0.0,0.0,0.0,0.0,0.0,0.0,-0.003484882,0.0,0.0,0.0,0.0,0.0
371,371,375.0,34,0,0,0,0,0,0,0,0,0,0,0,0,0,0,0.0,0.0,0.0,0.0,0.0,0.0,0.0,0.0,0.0,0.0,0.0,0.0,0.0,0.0
372,372,376.0,86,37,0,0,0,0,0,15,37,0,0,0,0,0,1,-0.0107628945,0.0,0.0,0.0,0.0,0.0,0.00039093968,-0.018213972,0.0,0.0,0.0,0.0,0.0,0.00050184125
373,373,377.0,26,0,0,0,0,0,0,0,0,0,0,0,0,0,0,0.0,0.0,0.0,0.0,0.0,0.0,0.0,0.0,0.0,0.0,0.0,0.0,0.0,0.0
374,374,378.0,85,0,0,0,0,0,0,0,0,0,0,0,0,0,0,0.0,0.0,0.0,0.0,0.0,0.0,0.0,0.0,0.0,0.0,0.0,0.0,0.0,0.0
375,375,379.0,47,0,0,0,0,0,0,0,0,0,0,0,0,0,0,0.0,0.0,0.0,0.0,0.0,0.0,0.0,0.0,0.0,0.0,0.0,0.0,0.0,0.0
376,376,380.0,44,0,0,0,0,0,0,44,0,0,0,0,0,0,44,0.0,0.0,0.0,0.0,0.0,0.0,0.10346337,0.0,0.0,0.0,0.0,0.0,0.0,0.049721483
377,377,381.0,35,0,0,0,0,0,0,0,0,0,0,0,0,0,0,0.0,0.0,0.0,0.0,0.0,0.0,0.0,0.0,0.0,0.0,0.0,0.0,0.0,0.0
378,378,382.0,33,0,0,0,0,0,0,1,0,0,0,0,0,0,0,0.0,0.0,0.0,0.0,0.0,0.0,0.0,0.0,0.0,0.0,0.0,0.0,0.0,0.0
379,379,383.0,33,12,0,0,0,0,0,0,12,0,0,0,0,0,0,-0.009071778,0.0,0.0,0.0,0.0,0.0,0.0,-0.010426789,0.0,0.0,0.0,0.0,0.0,0.0
380,380,385.0,35,0,0,0,2,0,3,12,0,0,0,2,0,3,12,0.0,0.0,0.0,0.0015212435,0.0,-0.001781518,0.017148273,0.0,0.0,0.0,0.0019273678,0.0,-0.0031583703,0.024813622
381,381,386.0,38,0,0,0,0,0,0,0,0,0,0,0,0,0,0,0.0,0.0,0.0,0.0,0.0,0.0,0.0,0.0,0.0,0.0,0.0,0.0,0.0,0.0
