,ID,N_pixel,N_pixel_16,N_pixel_17,N_pixel_18,N_pixel_19,N_pixel_20,N_pixel_21,N_pixel_22,P1_16,P1_17,P1_18,P1_19,P1_20,P1_21,P1_22
0,2.0,24,22,2,1,0,5,0,2,22,2,1,0,5,0,0
1,3.0,39,0,22,12,0,0,0,21,0,22,12,0,0,0,21
2,7.0,24,0,1,0,0,0,0,0,0,1,0,0,0,0,0
3,10.0,27,0,0,15,4,1,1,0,0,0,15,4,1,1,0
4,11.0,24,0,0,14,6,6,4,12,0,0,14,6,6,4,7
5,13.0,28,0,0,0,0,0,0,5,0,0,0,0,0,0,0
6,14.0,30,0,0,0,9,18,0,23,0,0,0,9,18,0,0
7,16.0,23,0,0,0,7,6,0,9,0,0,0,7,6,0,2
8,20.0,26,0,7,0,0,6,3,11,0,7,0,0,6,3,8
9,21.0,27,0,0,0,0,0,0,0,0,0,0,0,0,0,0
10,22.0,28,2,1,10,13,1,0,2,2,1,10,13,1,0,0
11,23.0,26,3,0,0,0,0,0,0,3,0,0,0,0,0,0
12,24.0,32,0,0,17,2,0,0,7,0,0,17,2,0,0,0
13,26.0,30,0,0,0,0,0,0,1,0,0,0,0,0,0,0
14,27.0,31,0,7,0,0,0,0,1,0,7,0,0,0,0,0
15,31.0,30,0,0,0,3,6,2,22,0,0,0,3,6,2,1
16,32.0,28,0,3,0,2,1,0,0,0,3,0,2,1,0,0
17,36.0,31,0,2,0,0,22,0,9,0,2,0,0,22,0,0
18,37.0,30,0,0,0,3,0,0,0,0,0,0,3,0,0,0
19,38.0,27,0,0,0,6,0,0,2,0,0,0,6,0,0,0
20,39.0,30,1,0,0,0,0,0,2,1,0,0,0,0,0,0
21,40.0,23,0,0,0,0,0,0,0,0,0,0,0,0,0,0
22,41.0,25,0,0,0,0,2,4,9,0,0,0,0,2,4,4
23,42.0,124,17,81,10,13,28,3,20,17,81,10,13,28,3,10
24,44.0,59,3,2,0,0,0,0,6,3,2,0,0,0,0,0
25,49.0,51,21,6,1,7,0,46,3,21,6,1,7,0,46,1
26,50.0,42,4,19,0,11,1,0,1,4,19,0,11,1,0,0
27,52.0,104,2,16,0,15,1,7,2,2,16,0,15,1,7,2
28,53.0,121,55,0,1,1,0,0,28,55,0,1,1,0,0,10
29,54.0,156,7,30,18,7,1,0,29,7,30,18,7,1,0,8
30,56.0,99,0,0,0,30,2,0,64,0,0,0,30,2,0,64
31,58.0,55,5,8,7,2,9,5,1,5,8,7,2,9,5,1
32,59.0,87,0,10,3,9,1,1,38,0,10,3,9,1,1,7
33,60.0,140,45,3,0,0,0,0,139,45,3,0,0,0,0,139
34,61.0,51,15,0,0,0,0,0,42,15,0,0,0,0,0,42
35,63.0,122,0,7,19,10,1,0,16,0,7,19,10,1,0,0
36,64.0,419,120,14,109,7,0,1,414,120,14,109,7,0,1,414
37,65.0,139,3,0,0,0,0,0,132,3,0,0,0,0,0,132
38,66.0,191,132,2,0,0,0,0,183,132,2,0,0,0,0,183
39,67.0,368,32,1,0,0,0,0,358,32,1,0,0,0,0,358
40,71.0,77,0,0,2,1,0,0,1,0,0,2,1,0,0,1
41,73.0,108,0,0,0,0,0,0,0,0,0,0,0,0,0,0
42,74.0,92,0,0,0,1,0,0,0,0,0,0,1,0,0,0
43,75.0,98,0,8,0,4,4,1,0,0,8,0,4,4,1,0
44,76.0,51,0,17,1,3,0,1,1,0,17,1,3,0,1,0
45,77.0,48,1,13,0,2,0,2,10,1,13,0,2,0,2,0
46,78.0,47,0,34,0,4,0,1,21,0,34,0,4,0,1,19
47,79.0,269,0,157,47,0,5,1,79,0,157,47,0,5,1,39
48,80.0,217,0,114,20,1,9,1,39,0,114,20,1,9,1,17
49,81.0,312,17,215,0,2,4,0,11,17,215,0,2,4,0,0
50,82.0,213,2,138,12,5,20,1,97,2,138,12,5,20,1,92
51,83.0,69,0,33,32,0,0,0,25,0,33,32,0,0,0,1
52,84.0,163,0,60,66,0,9,0,16,0,60,66,0,9,0,6
53,85.0,76,0,55,10,1,0,0,12,0,55,10,1,0,0,2
54,86.0,30,0,11,0,0,0,0,0,0,11,0,0,0,0,0
55,87.0,46,0,0,0,0,0,0,3,0,0,0,0,0,0,1
56,88.0,87,0,31,12,5,1,3,31,0,31,12,5,1,3,31
57,89.0,46,0,7,32,2,0,0,24,0,7,32,2,0,0,23
58,90.0,152,1,66,26,2,3,2,107,1,66,26,2,3,2,102
59,92.0,36,0,0,0,0,0,0,2,0,0,0,0,0,0,0
60,96.0,137,0,2,20,4,75,50,31,0,2,20,4,75,50,28
61,100.0,29,0,1,10,10,0,13,6,0,1,10,10,0,13,5
62,101.0,44,0,2,30,14,0,1,5,0,2,30,14,0,1,5
63,103.0,184,0,10,0,3,0,0,0,0,10,0,3,0,0,0
64,104.0,225,0,4,0,0,0,0,6,0,4,0,0,0,0,0
65,105.0,141,0,38,0,0,0,0,24,0,38,0,0,0,0,5
66,106.0,160,0,5,0,0,0,0,2,0,5,0,0,0,0,2
67,107.0,280,3,1,0,0,1,0,3,3,1,0,0,1,0,2
68,108.0,53,0,2,0,0,0,0,7,0,2,0,0,0,0,0
69,109.0,416,0,4,1,0,0,0,37,0,4,1,0,0,0,2
70,110.0,130,0,10,1,8,0,2,19,0,10,1,8,0,2,1
71,111.0,96,16,1,0,2,0,0,10,16,1,0,2,0,0,1
72,112.0,123,10,24,15,9,2,0,27,10,24,15,9,2,0,0
73,113.0,163,26,14,4,0,0,0,23,26,14,4,0,0,0,21
74,114.0,241,0,109,76,5,3,0,42,0,109,76,5,3,0,38
75,115.0,103,8,0,28,1,0,0,3,8,0,28,1,0,0,2
76,117.0,36,0,0,0,0,0,0,0,0,0,0,0,0,0,0
77,121.0,37,2,7,16,18,5,0,16,2,7,16,18,5,0,16
78,122.0,61,0,3,13,7,0,0,6,0,3,13,7,0,0,6
79,123.0,38,0,6,34,0,4,0,27,0,6,34,0,4,0,17
80,124.0,110,0,3,40,55,1,1,26,0,3,40,55,1,1,26
81,125.0,761,346,10,39,7,48,62,13,346,10,39,7,48,62,0
82,126.0,82,0,0,1,7,0,0,4,0,0,1,7,0,0,4
83,127.0,213,7,32,0,29,0,8,3,7,32,0,29,0,8,0
84,128.0,90,10,17,9,15,3,0,11,10,17,9,15,3,0,0
85,129.0,52,2,1,0,0,1,0,0,2,1,0,0,1,0,0
86,131.0,43,1,0,0,2,1,0,18,1,0,0,2,1,0,1
87,132.0,132,1,1,0,4,0,0,0,1,1,0,4,0,0,0
88,133.0,54,34,8,4,4,0,0,0,34,8,4,4,0,0,0
89,134.0,483,60,4,108,10,59,0,35,60,4,108,10,59,0,2
90,135.0,157,0,100,9,6,0,0,1,0,100,9,6,0,0,1
91,136.0,140,0,72,27,30,0,0,1,0,72,27,30,0,0,0
92,137.0,38,4,0,0,0,1,0,3,4,0,0,0,1,0,1
93,138.0,125,6,60,26,2,3,5,38,6,60,26,2,3,5,2
94,140.0,115,11,28,5,0,0,0,2,11,28,5,0,0,0,0
95,141.0,40,0,2,1,2,0,0,0,0,2,1,2,0,0,0
96,142.0,187,36,6,0,3,0,3,1,36,6,0,3,0,3,0
97,143.0,46,0,1,0,0,0,0,1,0,1,0,0,0,0,0
98,144.0,352,0,22,2,11,0,0,71,0,22,2,11,0,0,0
99,145.0,77,0,0,0,1,0,0,3,0,0,0,1,0,0,1
100,146.0,126,1,21,0,2,0,0,13,1,21,0,2,0,0,9
101,147.0,95,0,3,3,0,0,0,1,0,3,3,0,0,0,0
102,148.0,66,0,1,0,1,5,0,2,0,1,0,1,5,0,0
103,149.0,128,59,7,11,5,8,3,0,59,7,11,5,8,3,0
104,150.0,167,45,1,2,3,0,0,7,45,1,2,3,0,0,0
105,151.0,46,0,5,0,8,0,0,0,0,5,0,8,0,0,0
106,152.0,74,6,1,0,0,0,0,0,6,1,0,0,0,0,0
107,153.0,72,12,0,0,0,0,0,0,12,0,0,0,0,0,0
108,154.0,74,23,4,0,5,1,1,0,23,4,0,5,1,1,0
109,155.0,80,6,0,0,6,2,0,0,6,0,0,6,2,0,0
110,156.0,52,0,0,0,2,0,0,5,0,0,0,2,0,0,0
111,157.0,99,11,5,0,0,0,0,0,11,5,0,0,0,0,0
112,158.0,141,0,22,0,38,11,11,2,0,22,0,38,11,11,0
113,159.0,45,0,2,1,13,1,0,20,0,2,1,13,1,0,20
114,160.0,39,1,4,1,0,31,0,18,1,4,1,0,31,0,1
115,161.0,33,1,3,0,0,24,0,2,1,3,0,0,24,0,2
116,162.0,29,0,0,0,0,4,0,6,0,0,0,0,4,0,6
117,163.0,36,0,0,0,0,12,1,25,0,0,0,0,12,1,6
118,164.0,391,0,0,0,0,0,0,196,0,0,0,0,0,0,0
119,165.0,342,0,0,0,0,0,0,4,0,0,0,0,0,0,0
120,167.0,256,0,7,8,12,9,0,19,0,7,8,12,9,0,6
121,168.0,218,15,53,0,29,6,17,10,15,53,0,29,6,17,10
122,169.0,111,17,3,26,17,2,3,12,17,3,26,17,2,3,2
123,170.0,223,54,58,2,65,2,5,15,54,58,2,65,2,5,0
124,171.0,80,3,7,1,15,0,1,4,3,7,1,15,0,1,0
125,172.0,65,56,0,3,11,0,0,2,56,0,3,11,0,0,2
126,173.0,42,21,7,8,3,0,0,0,21,7,8,3,0,0,0
127,174.0,55,49,2,13,25,0,0,0,49,2,13,25,0,0,0
128,175.0,95,46,3,47,6,0,0,0,46,3,47,6,0,0,0
129,176.0,291,1,0,1,0,0,0,77,1,0,1,0,0,0,0
130,178.0,58,0,44,0,0,0,0,6,0,44,0,0,0,0,0
131,179.0,108,0,37,0,1,0,0,15,0,37,0,1,0,0,0
132,180.0,36,0,0,0,0,0,0,0,0,0,0,0,0,0,0
133,181.0,100,0,4,0,2,1,0,7,0,4,0,2,1,0,1
134,182.0,103,0,73,0,0,1,0,5,0,73,0,0,1,0,0
135,183.0,73,0,47,0,0,4,0,6,0,47,0,0,4,0,1
136,184.0,181,0,1,0,0,0,0,0,0,1,0,0,0,0,0
137,185.0,109,1,0,84,0,0,0,2,1,0,84,0,0,0,0
138,187.0,96,4,2,0,0,11,0,0,4,2,0,0,11,0,0
139,188.0,82,0,0,6,59,0,0,2,0,0,6,59,0,0,0
140,189.0,92,0,24,0,0,0,1,0,0,24,0,0,0,1,0
141,190.0,68,0,1,0,0,0,0,0,0,1,0,0,0,0,0
142,191.0,118,0,1,0,0,0,0,0,0,1,0,0,0,0,0
143,192.0,49,0,0,0,0,0,0,0,0,0,0,0,0,0,0
144,193.0,45,0,3,0,0,0,0,0,0,3,0,0,0,0,0
145,194.0,46,0,0,2,5,1,0,0,0,0,2,5,1,0,0
146,195.0,52,11,4,0,1,1,0,1,11,4,0,1,1,0,0
147,196.0,187,4,1,44,1,0,0,0,4,1,44,1,0,0,0
148,197.0,104,5,6,0,2,0,0,2,5,6,0,2,0,0,2
149,198.0,109,0,0,0,0,0,0,15,0,0,0,0,0,0,0
150,199.0,135,0,0,0,65,1,0,3,0,0,0,65,1,0,0
151,200.0,147,0,0,0,7,0,0,7,0,0,0,7,0,0,0
152,201.0,424,3,42,261,43,7,0,79,3,42,261,43,7,0,25
153,202.0,367,12,19,123,42,8,1,65,12,19,123,42,8,1,7
154,203.0,197,4,12,117,9,0,0,30,4,12,117,9,0,0,22
155,204.0,561,28,97,45,53,0,0,27,28,97,45,53,0,0,0
156,205.0,454,0,0,209,3,0,3,442,0,0,209,3,0,3,442
157,206.0,85,0,0,0,31,0,0,83,0,0,0,31,0,0,83
158,207.0,81,0,1,0,42,0,0,81,0,1,0,42,0,0,81
159,208.0,399,0,2,60,1,0,0,398,0,2,60,1,0,0,398
160,209.0,203,0,0,23,12,0,1,195,0,0,23,12,0,1,195
161,211.0,50,0,13,0,22,0,7,0,0,13,0,22,0,7,0
162,212.0,51,1,6,0,3,0,0,26,1,6,0,3,0,0,1
163,213.0,35,0,0,0,0,26,4,6,0,0,0,0,26,4,4
164,214.0,124,83,28,15,0,6,0,0,83,28,15,0,6,0,0
165,217.0,113,0,5,0,0,1,0,1,0,5,0,0,1,0,0
166,218.0,166,0,3,11,13,0,0,0,0,3,11,13,0,0,0
167,219.0,53,0,0,0,0,0,0,0,0,0,0,0,0,0,0
168,220.0,455,25,6,11,35,8,0,91,25,6,11,35,8,0,0
169,221.0,289,55,2,0,21,0,0,12,55,2,0,21,0,0,0
170,225.0,37,24,0,7,0,25,1,2,24,0,7,0,25,1,2
171,226.0,62,0,1,0,1,0,0,46,0,1,0,1,0,0,44
172,227.0,127,0,0,1,4,0,0,59,0,0,1,4,0,0,43
173,228.0,29,0,1,9,2,0,0,0,0,1,9,2,0,0,0
174,229.0,37,0,0,0,0,0,0,0,0,0,0,0,0,0,0
175,232.0,64,0,9,0,0,5,0,0,0,9,0,0,5,0,0
176,233.0,11,0,0,0,0,0,0,0,0,0,0,0,0,0,0
177,235.0,29,1,1,0,0,0,0,6,1,1,0,0,0,0,0
178,236.0,274,8,4,2,3,2,0,26,8,4,2,3,2,0,1
179,237.0,256,10,7,1,3,0,0,17,10,7,1,3,0,0,14
180,238.0,152,1,11,9,27,0,0,4,1,11,9,27,0,0,2
181,239.0,175,4,1,0,77,23,2,16,4,1,0,77,23,2,0
182,240.0,72,0,10,0,54,0,2,1,0,10,0,54,0,2,0
183,241.0,147,3,0,0,43,3,0,7,3,0,0,43,3,0,0
184,242.0,99,0,0,0,1,30,1,11,0,0,0,1,30,1,6
185,243.0,69,0,0,0,7,1,0,10,0,0,0,7,1,0,2
186,244.0,53,0,0,0,38,0,0,1,0,0,0,38,0,0,0
187,246.0,199,3,9,3,0,15,112,80,3,9,3,0,15,112,44
188,247.0,56,6,3,0,49,2,0,15,6,3,0,49,2,0,3
189,248.0,81,2,2,0,0,29,0,2,2,2,0,0,29,0,2
190,249.0,161,0,0,0,64,9,5,8,0,0,0,64,9,5,2
191,250.0,33,0,1,0,0,0,0,2,0,1,0,0,0,0,0
192,251.0,83,8,0,0,28,8,3,11,8,0,0,28,8,3,0
193,252.0,32,0,0,2,22,0,2,4,0,0,2,22,0,2,3
194,253.0,74,0,4,0,13,7,7,5,0,4,0,13,7,7,1
195,254.0,81,5,64,0,1,0,0,29,5,64,0,1,0,0,24
196,255.0,68,5,17,1,1,0,0,37,5,17,1,1,0,0,10
197,256.0,76,8,19,0,0,0,0,20,8,19,0,0,0,0,9
198,259.0,179,25,2,0,0,0,0,0,25,2,0,0,0,0,0
199,260.0,1205,140,79,6,38,378,7,69,140,79,6,38,378,7,28
200,261.0,60,3,6,5,1,1,0,10,3,6,5,1,1,0,10
201,262.0,436,7,35,8,3,1,0,201,7,35,8,3,1,0,201
202,263.0,65,2,0,1,0,0,0,36,2,0,1,0,0,0,36
203,264.0,56,7,2,4,9,0,0,6,7,2,4,9,0,0,6
204,265.0,134,13,4,5,97,1,3,1,13,4,5,97,1,3,1
205,266.0,47,0,1,29,20,0,0,10,0,1,29,20,0,0,4
206,268.0,43,0,0,0,0,0,19,15,0,0,0,0,0,19,15
207,269.0,50,0,0,0,0,1,5,42,0,0,0,0,1,5,42
208,272.0,113,7,0,1,0,0,0,2,7,0,1,0,0,0,0
209,273.0,78,0,0,12,2,1,0,6,0,0,12,2,1,0,1
210,274.0,177,4,0,5,2,3,0,0,4,0,5,2,3,0,0
211,275.0,42,0,0,2,11,1,12,4,0,0,2,11,1,12,4
212,277.0,239,0,1,0,0,0,0,35,0,1,0,0,0,0,0
213,278.0,229,1,8,0,1,38,0,8,1,8,0,1,38,0,3
214,281.0,54,1,5,0,5,0,0,6,1,5,0,5,0,0,0
215,282.0,31,9,7,0,3,0,1,0,9,7,0,3,0,1,0
216,283.0,123,9,2,0,11,10,16,27,9,2,0,11,10,16,6
217,284.0,39,10,3,2,0,0,0,0,10,3,2,0,0,0,0
218,285.0,122,0,0,0,0,0,2,14,0,0,0,0,0,2,0
219,287.0,66,15,6,2,8,1,2,1,15,6,2,8,1,2,0
220,288.0,43,20,9,0,7,0,2,0,20,9,0,7,0,2,0
221,289.0,39,12,12,0,5,1,4,0,12,12,0,5,1,4,0
222,290.0,99,26,60,0,41,4,27,5,26,60,0,41,4,27,4
223,291.0,474,57,122,21,29,8,1,5,57,122,21,29,8,1,5
224,292.0,443,5,86,12,7,42,12,14,5,86,12,7,42,12,3
225,298.0,47,0,14,0,0,4,0,13,0,14,0,0,4,0,13
226,299.0,212,0,8,1,5,1,3,70,0,8,1,5,1,3,17
227,301.0,194,0,17,0,2,0,0,2,0,17,0,2,0,0,0
228,302.0,174,1,22,0,0,2,0,0,1,22,0,0,2,0,0
229,303.0,165,0,14,0,24,3,8,0,0,14,0,24,3,8,0
230,304.0,105,1,13,0,1,0,0,0,1,13,0,1,0,0,0
231,305.0,127,11,5,0,6,7,5,2,11,5,0,6,7,5,0
232,306.0,89,0,27,0,10,14,10,2,0,27,0,10,14,10,0
233,308.0,92,1,1,0,7,37,37,5,1,1,0,7,37,37,5
234,309.0,116,0,32,32,34,35,24,10,0,32,32,34,35,24,4
235,310.0,89,0,8,7,52,73,5,33,0,8,7,52,73,5,13
236,311.0,42,1,9,0,0,0,0,3,1,9,0,0,0,0,0
237,312.0,64,0,2,34,6,51,2,38,0,2,34,6,51,2,8
238,313.0,201,13,26,24,9,0,28,47,13,26,24,9,0,28,46
239,314.0,46,0,15,0,0,1,13,32,0,15,0,0,1,13,31
240,315.0,140,0,20,2,36,0,7,27,0,20,2,36,0,7,0
241,316.0,68,0,3,6,2,1,0,1,0,3,6,2,1,0,0
242,317.0,36,0,1,0,4,0,0,5,0,1,0,4,0,0,0
243,318.0,181,2,40,12,34,0,2,30,2,40,12,34,0,2,0
244,319.0,117,23,8,0,0,0,2,1,23,8,0,0,0,2,0
245,320.0,132,6,2,52,0,3,0,30,6,2,52,0,3,0,2
246,321.0,87,16,1,22,0,0,0,2,16,1,22,0,0,0,0
247,322.0,221,15,2,7,1,0,0,2,15,2,7,1,0,0,0
248,323.0,74,20,0,33,0,0,0,40,20,0,33,0,0,0,1
249,324.0,385,14,3,16,3,0,2,16,14,3,16,3,0,2,6
250,325.0,96,0,0,0,2,0,1,74,0,0,0,2,0,1,74
251,328.0,46,1,3,0,5,0,0,0,1,3,0,5,0,0,0
252,329.0,31,5,8,1,10,0,0,0,5,8,1,10,0,0,0
253,330.0,38,2,2,1,3,0,0,0,2,2,1,3,0,0,0
254,331.0,119,11,1,23,20,0,0,0,11,1,23,20,0,0,0
255,332.0,149,34,20,4,55,0,1,0,34,20,4,55,0,1,0
256,333.0,52,9,14,0,15,0,0,0,9,14,0,15,0,0,0
257,334.0,167,77,43,1,8,0,0,3,77,43,1,8,0,0,0
258,335.0,73,60,4,0,4,0,0,0,60,4,0,4,0,0,0
259,336.0,177,0,0,0,0,0,0,36,0,0,0,0,0,0,0
260,338.0,44,7,16,2,0,0,0,1,7,16,2,0,0,0,0
261,339.0,100,0,0,20,1,0,91,25,0,0,20,1,0,91,24
262,340.0,154,4,0,70,41,11,6,29,4,0,70,41,11,6,0
263,341.0,708,59,32,35,20,23,10,22,59,32,35,20,23,10,12
264,342.0,64,1,0,0,1,0,0,0,1,0,0,1,0,0,0
265,343.0,449,0,0,10,2,0,0,11,0,0,10,2,0,0,0
266,345.0,93,0,0,1,3,5,0,2,0,0,1,3,5,0,0
267,347.0,101,8,6,0,2,74,26,35,8,6,0,2,74,26,34
268,349.0,47,0,0,0,32,0,3,0,0,0,0,32,0,3,0
269,350.0,137,8,8,7,68,2,1,2,8,8,7,68,2,1,0
270,352.0,181,5,0,0,162,9,0,15,5,0,0,162,9,0,4
271,353.0,172,2,0,0,83,6,0,19,2,0,0,83,6,0,19
272,354.0,380,0,0,0,353,54,0,116,0,0,0,353,54,0,116
273,355.0,276,1,0,0,210,61,1,172,1,0,0,210,61,1,172
274,356.0,168,0,5,11,64,19,15,46,0,5,11,64,19,15,45
275,357.0,40,0,2,2,19,0,0,0,0,2,2,19,0,0,0
276,358.0,174,9,2,17,41,2,1,0,9,2,17,41,2,1,0
277,359.0,211,23,162,3,83,4,6,72,23,162,3,83,4,6,0
278,360.0,139,0,6,4,12,0,0,12,0,6,4,12,0,0,5
279,361.0,158,10,5,0,14,0,0,17,10,5,0,14,0,0,0
280,362.0,115,0,0,0,3,8,0,70,0,0,0,3,8,0,0
281,363.0,214,1,0,0,30,37,31,10,1,0,0,30,37,31,8
282,364.0,189,1,0,0,39,39,74,29,1,0,0,39,39,74,29
283,365.0,152,0,0,0,0,125,41,46,0,0,0,0,125,41,38
284,366.0,185,0,1,0,0,173,8,26,0,1,0,0,173,8,23
285,367.0,315,2,0,8,152,176,38,44,2,0,8,152,176,38,42
286,368.0,261,0,0,0,251,1,2,5,0,0,0,251,1,2,0
287,369.0,279,15,0,0,128,138,13,14,15,0,0,128,138,13,13
288,370.0,385,18,0,0,214,138,61,31,18,0,0,214,138,61,28
289,371.0,171,0,1,0,0,12,75,29,0,1,0,0,12,75,25
290,372.0,79,2,0,0,23,30,8,30,2,0,0,23,30,8,30
291,373.0,431,8,0,0,97,348,129,23,8,0,0,97,348,129,23
292,374.0,327,13,3,0,132,192,39,35,13,3,0,132,192,39,30
293,375.0,38,1,0,0,36,2,0,0,1,0,0,36,2,0,0
294,376.0,70,0,0,0,56,2,0,0,0,0,0,56,2,0,0
295,377.0,212,0,0,0,1,174,19,44,0,0,0,1,174,19,37
296,378.0,102,1,1,0,0,83,0,27,1,1,0,0,83,0,17
297,379.0,81,0,0,0,0,9,1,9,0,0,0,0,9,1,9
298,380.0,359,4,0,0,347,8,1,5,4,0,0,347,8,1,3
299,381.0,56,0,0,0,26,34,12,5,0,0,0,26,34,12,5
300,382.0,147,0,2,0,108,8,0,4,0,2,0,108,8,0,4
301,383.0,56,0,0,0,0,48,11,23,0,0,0,0,48,11,12
302,384.0,174,0,12,0,0,0,0,0,0,12,0,0,0,0,0
303,385.0,178,0,32,0,29,0,0,82,0,32,0,29,0,0,16
304,386.0,394,0,187,22,12,0,2,51,0,187,22,12,0,2,0
305,389.0,130,74,7,0,19,0,0,6,74,7,0,19,0,0,4
306,390.0,478,10,17,0,35,6,0,8,10,17,0,35,6,0,6
307,391.0,416,7,230,5,26,26,6,32,7,230,5,26,26,6,3
308,394.0,109,0,25,19,0,0,0,17,0,25,19,0,0,0,12
309,395.0,113,0,0,1,0,0,0,1,0,0,1,0,0,0,0
310,396.0,330,0,0,9,1,0,0,28,0,0,9,1,0,0,0
311,397.0,38,0,2,1,8,3,14,5,0,2,1,8,3,14,1
312,398.0,43,0,1,3,25,0,1,12,0,1,3,25,0,1,1
313,399.0,43,0,0,33,0,0,0,1,0,0,33,0,0,0,0
314,401.0,43,26,1,1,0,26,14,3,26,1,1,0,26,14,3
315,402.0,42,13,0,8,3,14,1,18,13,0,8,3,14,1,14
316,403.0,42,0,7,1,25,0,0,1,0,7,1,25,0,0,1
317,404.0,46,2,19,5,11,1,0,5,2,19,5,11,1,0,0
318,405.0,74,28,8,16,24,8,1,5,28,8,16,24,8,1,1
319,406.0,32,21,4,11,3,0,0,0,21,4,11,3,0,0,0
320,407.0,77,0,4,0,0,10,3,0,0,4,0,0,10,3,0
321,408.0,106,0,0,0,9,14,17,5,0,0,0,9,14,17,0
322,410.0,47,0,0,2,0,0,9,16,0,0,2,0,0,9,11
323,411.0,89,0,0,0,49,5,6,3,0,0,0,49,5,6,0
324,412.0,292,7,1,18,172,0,13,172,7,1,18,172,0,13,0
325,413.0,85,0,15,20,8,0,0,5,0,15,20,8,0,0,5
326,414.0,98,0,13,1,4,0,0,0,0,13,1,4,0,0,0
327,415.0,98,7,9,5,10,1,0,20,7,9,5,10,1,0,0
328,416.0,182,47,43,3,2,9,0,4,47,43,3,2,9,0,0
329,417.0,95,21,1,1,12,2,3,0,21,1,1,12,2,3,0
330,418.0,126,6,15,1,7,7,2,24,6,15,1,7,7,2,0
331,420.0,36,0,0,0,2,0,0,2,0,0,0,2,0,0,2
332,421.0,70,0,0,0,4,0,0,0,0,0,0,4,0,0,0
333,423.0,55,0,0,0,0,0,0,2,0,0,0,0,0,0,2
334,424.0,81,1,1,2,2,0,0,0,1,1,2,2,0,0,0
335,425.0,51,3,0,5,16,1,2,0,3,0,5,16,1,2,0
336,426.0,46,8,0,1,4,0,0,0,8,0,1,4,0,0,0
337,439.0,53,0,19,0,13,7,7,7,0,19,0,13,7,7,0
338,440.0,36,6,14,0,18,0,14,0,6,14,0,18,0,14,0
339,441.0,58,0,2,0,2,0,0,0,0,2,0,2,0,0,0
340,442.0,113,0,11,0,20,5,5,8,0,11,0,20,5,5,3
341,443.0,140,3,39,0,47,6,28,17,3,39,0,47,6,28,0
342,444.0,88,0,35,0,28,5,18,6,0,35,0,28,5,18,3
343,445.0,61,0,8,0,19,18,2,18,0,8,0,19,18,2,4
344,446.0,218,0,1,0,0,131,28,48,0,1,0,0,131,28,32
345,447.0,46,6,0,0,0,7,27,0,6,0,0,0,7,27,0
346,448.0,45,2,1,0,0,7,11,9,2,1,0,0,7,11,3
347,449.0,39,0,0,0,0,17,1,5,0,0,0,0,17,1,4
348,450.0,63,1,0,59,1,3,1,1,1,0,59,1,3,1,1
349,452.0,58,0,0,47,6,2,0,0,0,0,47,6,2,0,0
350,453.0,71,0,0,56,16,3,0,0,0,0,56,16,3,0,0
351,454.0,71,0,0,0,0,3,0,11,0,0,0,0,3,0,0
352,455.0,68,0,0,0,0,3,0,5,0,0,0,0,3,0,0
353,456.0,134,0,0,0,0,0,0,21,0,0,0,0,0,0,19
354,457.0,99,0,0,0,0,0,0,18,0,0,0,0,0,0,16
355,458.0,141,0,0,4,0,9,1,10,0,0,4,0,9,1,2
356,459.0,56,0,0,0,0,0,0,0,0,0,0,0,0,0,0
357,460.0,417,0,18,2,15,4,10,216,0,18,2,15,4,10,100
358,461.0,94,0,5,0,3,0,0,72,0,5,0,3,0,0,72
359,462.0,97,0,18,0,28,0,0,88,0,18,0,28,0,0,88
360,463.0,43,0,3,0,12,0,0,40,0,3,0,12,0,0,40
361,464.0,101,0,0,0,49,11,0,20,0,0,0,49,11,0,0
362,465.0,114,0,0,0,83,0,0,45,0,0,0,83,0,0,4
363,466.0,140,0,0,0,104,5,1,56,0,0,0,104,5,1,2
364,467.0,41,0,1,0,22,0,0,21,0,1,0,22,0,0,4
365,468.0,294,0,0,0,24,159,22,193,0,0,0,24,159,22,13
366,469.0,106,0,0,0,2,76,10,58,0,0,0,2,76,10,0
367,470.0,105,0,0,70,9,0,0,47,0,0,70,9,0,0,1
368,471.0,37,0,0,6,12,0,0,0,0,0,6,12,0,0,0
369,472.0,91,0,0,41,5,0,0,27,0,0,41,5,0,0,4
370,473.0,142,0,0,79,3,0,0,14,0,0,79,3,0,0,0
371,474.0,199,0,0,111,3,0,0,69,0,0,111,3,0,0,3
372,475.0,39,0,0,0,0,0,0,0,0,0,0,0,0,0,0
373,476.0,73,0,0,1,0,1,0,0,0,0,1,0,1,0,0
374,477.0,298,0,0,17,0,3,0,0,0,0,17,0,3,0,0
375,478.0,324,0,4,0,115,1,7,284,0,4,0,115,1,7,284
376,479.0,92,0,0,0,61,0,0,89,0,0,0,61,0,0,89
377,480.0,95,0,0,0,70,0,0,89,0,0,0,70,0,0,88
378,481.0,104,0,0,7,74,0,0,24,0,0,7,74,0,0,24
379,482.0,38,0,0,0,0,0,1,0,0,0,0,0,0,1,0
380,483.0,45,0,0,0,0,1,0,8,0,0,0,0,1,0,0
381,484.0,42,0,0,0,5,6,1,0,0,0,0,5,6,1,0
382,485.0,96,0,1,0,43,14,1,27,0,1,0,43,14,1,3
383,486.0,65,0,2,0,20,0,0,0,0,2,0,20,0,0,0
384,487.0,129,0,5,26,10,4,0,72,0,5,26,10,4,0,13
385,488.0,67,0,0,0,2,0,0,1,0,0,0,2,0,0,1
386,489.0,43,0,0,0,0,0,0,0,0,0,0,0,0,0,0
387,490.0,130,0,0,0,54,17,0,2,0,0,0,54,17,0,2
388,491.0,81,0,0,0,56,11,0,1,0,0,0,56,11,0,1
389,492.0,73,0,0,0,61,9,3,8,0,0,0,61,9,3,8
390,493.0,88,0,0,0,71,0,0,14,0,0,0,71,0,0,5
391,494.0,117,0,0,0,111,11,0,0,0,0,0,111,11,0,0
392,495.0,82,0,0,0,79,2,0,8,0,0,0,79,2,0,8
393,496.0,104,9,0,3,3,1,0,12,9,0,3,3,1,0,0
394,497.0,45,0,1,29,2,4,0,2,0,1,29,2,4,0,0
395,498.0,45,4,0,8,26,0,1,20,4,0,8,26,0,1,0
396,499.0,52,9,0,0,17,1,2,28,9,0,0,17,1,2,1
397,500.0,53,2,0,46,5,4,0,42,2,0,46,5,4,0,0
398,501.0,101,54,0,3,24,0,1,34,54,0,3,24,0,1,0
399,502.0,212,12,0,110,89,19,2,144,12,0,110,89,19,2,0
400,503.0,52,0,1,2,20,2,0,0,0,1,2,20,2,0,0
401,504.0,81,0,0,10,70,2,20,21,0,0,10,70,2,20,0
402,505.0,51,49,0,0,4,0,0,0,49,0,0,4,0,0,0
403,506.0,108,3,32,0,11,16,2,32,3,32,0,11,16,2,0
404,507.0,321,35,123,6,63,38,37,73,35,123,6,63,38,37,1
405,508.0,54,1,0,0,2,1,0,1,1,0,0,2,1,0,1
406,509.0,104,1,2,0,6,25,1,3,1,2,0,6,25,1,3
407,510.0,112,2,0,0,6,13,3,10,2,0,0,6,13,3,10
408,511.0,41,0,0,0,0,5,0,0,0,0,0,0,5,0,0
409,512.0,40,0,0,0,35,0,0,0,0,0,0,35,0,0,0
410,513.0,70,5,0,0,44,2,2,0,5,0,0,44,2,2,0
411,514.0,77,1,2,1,3,23,3,5,1,2,1,3,23,3,5
412,515.0,49,0,2,1,5,33,3,12,0,2,1,5,33,3,12
413,516.0,44,1,4,0,0,26,4,12,1,4,0,0,26,4,12
414,517.0,298,18,1,5,50,17,5,5,18,1,5,50,17,5,0
415,518.0,66,50,2,3,9,17,0,30,50,2,3,9,17,0,0
416,519.0,332,182,20,14,53,83,2,165,182,20,14,53,83,2,1
417,520.0,201,130,32,17,33,19,0,97,130,32,17,33,19,0,6
418,521.0,56,0,6,14,7,10,0,2,0,6,14,7,10,0,0
419,523.0,88,0,0,0,22,0,0,3,0,0,0,22,0,0,0
420,524.0,194,2,4,0,7,107,0,68,2,4,0,7,107,0,0
421,525.0,926,2,23,0,28,202,28,67,2,23,0,28,202,28,20
422,526.0,187,2,8,0,7,16,0,6,2,8,0,7,16,0,0
423,528.0,868,0,8,0,29,4,5,24,0,8,0,29,4,5,2
424,529.0,920,0,17,0,26,4,17,14,0,17,0,26,4,17,14
425,530.0,227,4,4,0,7,9,1,4,4,4,0,7,9,1,0
426,531.0,67,0,0,0,0,6,0,0,0,0,0,0,6,0,0
427,532.0,198,3,1,0,0,96,0,2,3,1,0,0,96,0,0
428,533.0,52,9,9,10,6,2,1,1,9,9,10,6,2,1,0
429,534.0,84,0,10,0,4,8,0,0,0,10,0,4,8,0,0
430,536.0,42,0,0,0,0,0,0,0,0,0,0,0,0,0,0
431,537.0,88,0,0,0,0,0,0,0,0,0,0,0,0,0,0
432,538.0,75,0,0,9,0,0,0,0,0,0,9,0,0,0,0
433,539.0,80,1,0,0,0,0,0,0,1,0,0,0,0,0,0
434,540.0,45,0,0,0,0,0,0,0,0,0,0,0,0,0,0
435,541.0,63,0,0,1,0,0,0,0,0,0,1,0,0,0,0
436,542.0,144,8,0,6,0,0,0,0,8,0,6,0,0,0,0
437,543.0,111,107,0,0,12,4,9,20,107,0,0,12,4,9,0
438,544.0,64,33,2,26,17,0,0,0,33,2,26,17,0,0,0
439,545.0,170,83,12,76,21,1,2,0,83,12,76,21,1,2,0
440,546.0,46,23,0,30,23,6,0,0,23,0,30,23,6,0,0
441,547.0,46,28,0,16,8,2,0,0,28,0,16,8,2,0,0
442,548.0,234,0,51,28,0,0,0,4,0,51,28,0,0,0,0
443,549.0,81,3,8,24,5,1,3,9,3,8,24,5,1,3,0
444,551.0,94,1,6,0,0,0,0,0,1,6,0,0,0,0,0
445,552.0,58,3,0,1,1,0,0,0,3,0,1,1,0,0,0
446,553.0,55,0,0,31,0,2,9,0,0,0,31,0,2,9,0
447,554.0,64,16,10,0,0,3,2,2,16,10,0,0,3,2,0
448,555.0,249,73,39,1,4,4,0,35,73,39,1,4,4,0,1
449,556.0,47,14,6,0,1,0,0,2,14,6,0,1,0,0,0
450,557.0,83,34,23,0,0,5,0,9,34,23,0,0,5,0,0
451,558.0,135,85,20,3,3,4,0,10,85,20,3,3,4,0,1
452,559.0,215,127,15,7,2,0,1,25,127,15,7,2,0,1,12
453,560.0,229,166,11,13,0,5,2,25,166,11,13,0,5,2,8
454,561.0,100,4,2,0,85,1,0,14,4,2,0,85,1,0,0
455,562.0,863,38,201,6,5,5,1,41,38,201,6,5,5,1,38
456,565.0,73,0,0,9,48,10,9,12,0,0,9,48,10,9,8
457,567.0,69,10,4,21,13,0,0,26,10,4,21,13,0,0,1
458,568.0,79,0,2,19,15,0,0,0,0,2,19,15,0,0,0
459,569.0,39,0,0,1,3,0,0,0,0,0,1,3,0,0,0
460,570.0,212,7,6,89,38,0,0,21,7,6,89,38,0,0,0
461,571.0,50,0,2,0,14,2,0,15,0,2,0,14,2,0,15
462,572.0,118,1,0,3,17,0,2,1,1,0,3,17,0,2,1
463,573.0,159,3,3,6,2,4,0,6,3,3,6,2,4,0,0
464,574.0,46,0,0,0,13,0,0,3,0,0,0,13,0,0,0
465,575.0,304,14,0,4,18,2,0,2,14,0,4,18,2,0,0
466,576.0,135,15,5,0,35,2,0,0,15,5,0,35,2,0,0
467,577.0,80,0,0,0,31,23,0,10,0,0,0,31,23,0,5
468,578.0,46,0,0,0,15,10,0,8,0,0,0,15,10,0,3
469,579.0,50,0,0,0,31,11,0,22,0,0,0,31,11,0,13
470,580.0,166,0,0,10,0,2,0,5,0,0,10,0,2,0,1
471,581.0,130,1,0,0,0,0,1,0,1,0,0,0,0,1,0
472,582.0,56,0,0,0,0,1,0,0,0,0,0,0,1,0,0
473,583.0,275,0,20,1,0,0,0,2,0,20,1,0,0,0,0
474,584.0,116,0,0,0,0,0,0,0,0,0,0,0,0,0,0
475,585.0,169,0,0,0,0,0,0,0,0,0,0,0,0,0,0
476,586.0,45,0,12,0,1,0,0,3,0,12,0,1,0,0,3
477,587.0,155,10,18,1,0,0,0,5,10,18,1,0,0,0,2
478,588.0,50,4,20,0,1,0,0,2,4,20,0,1,0,0,0
479,589.0,163,34,21,1,0,0,0,14,34,21,1,0,0,0,0
480,590.0,53,9,1,0,1,0,0,0,9,1,0,1,0,0,0
481,591.0,346,3,48,0,3,3,1,1,3,48,0,3,3,1,1
482,592.0,4,0,0,0,0,0,0,0,0,0,0,0,0,0,0
483,594.0,327,0,2,273,9,12,0,18,0,2,273,9,12,0,2
484,595.0,372,144,79,13,45,2,15,13,144,79,13,45,2,15,1
485,596.0,73,9,2,3,0,0,0,0,9,2,3,0,0,0,0
486,597.0,50,24,8,2,3,7,0,9,24,8,2,3,7,0,0
487,598.0,69,15,6,4,10,5,0,14,15,6,4,10,5,0,12
488,601.0,50,0,0,7,1,2,0,8,0,0,7,1,2,0,0
489,602.0,67,1,0,34,0,1,1,9,1,0,34,0,1,1,7
490,603.0,342,51,198,2,156,95,36,119,51,198,2,156,95,36,44
491,604.0,258,161,41,5,3,2,0,92,161,41,5,3,2,0,0
492,605.0,225,9,97,0,8,48,0,2,9,97,0,8,48,0,0
493,606.0,287,6,17,0,13,29,2,17,6,17,0,13,29,2,0
494,607.0,274,10,41,0,4,38,4,9,10,41,0,4,38,4,0
495,608.0,300,141,7,2,1,33,0,2,141,7,2,1,33,0,0
496,609.0,194,184,1,0,3,0,0,22,184,1,0,3,0,0,0
497,610.0,273,62,6,0,3,0,0,0,62,6,0,3,0,0,0
498,611.0,503,0,62,61,49,13,0,94,0,62,61,49,13,0,0
499,612.0,146,1,8,11,3,4,2,4,1,8,11,3,4,2,0
500,613.0,229,0,58,13,9,7,0,5,0,58,13,9,7,0,0
501,614.0,308,2,15,19,2,0,76,14,2,15,19,2,0,76,6
502,615.0,509,16,14,27,7,17,3,53,16,14,27,7,17,3,1
503,616.0,183,0,15,1,0,18,0,11,0,15,1,0,18,0,0
504,617.0,318,6,16,4,4,9,0,7,6,16,4,4,9,0,1
505,618.0,180,7,46,1,10,1,0,1,7,46,1,10,1,0,0
506,619.0,537,23,87,122,9,4,2,27,23,87,122,9,4,2,7
507,620.0,226,18,22,14,13,3,2,0,18,22,14,13,3,2,0
508,621.0,303,96,44,101,13,0,6,7,96,44,101,13,0,6,0
509,622.0,126,0,0,0,93,2,5,119,0,0,0,93,2,5,119
510,623.0,51,0,1,47,13,2,1,4,0,1,47,13,2,1,1
511,624.0,52,6,2,0,4,3,0,5,6,2,0,4,3,0,0
512,625.0,342,5,6,272,1,4,0,13,5,6,272,1,4,0,6
513,627.0,109,6,17,36,7,0,0,19,6,17,36,7,0,0,3
514,628.0,53,2,0,0,0,0,0,1,2,0,0,0,0,0,0
515,629.0,81,2,3,3,0,0,0,11,2,3,3,0,0,0,3
516,630.0,335,37,45,17,0,0,1,16,37,45,17,0,0,1,0
517,631.0,47,14,6,14,2,0,0,2,14,6,14,2,0,0,0
518,632.0,75,6,1,0,0,0,0,0,6,1,0,0,0,0,0
519,633.0,40,2,1,0,0,0,0,1,2,1,0,0,0,0,0
520,634.0,48,34,0,0,3,1,0,10,34,0,0,3,1,0,5
521,636.0,102,0,0,1,0,0,0,0,0,0,1,0,0,0,0
522,637.0,58,0,0,0,0,0,0,0,0,0,0,0,0,0,0
523,638.0,62,0,0,0,0,0,0,1,0,0,0,0,0,0,0
524,639.0,185,0,5,23,60,11,4,3,0,5,23,60,11,4,0
525,640.0,58,0,1,1,0,0,0,1,0,1,1,0,0,0,0
526,641.0,46,4,3,0,0,1,0,9,4,3,0,0,1,0,3
527,642.0,61,0,0,2,0,0,2,1,0,0,2,0,0,2,0
528,643.0,295,151,30,14,28,2,3,6,151,30,14,28,2,3,0
529,645.0,243,14,0,162,7,11,6,36,14,0,162,7,11,6,11
530,646.0,327,37,9,70,6,0,2,33,37,9,70,6,0,2,2
531,647.0,165,31,75,7,12,2,1,12,31,75,7,12,2,1,6
532,648.0,189,0,46,0,87,15,12,31,0,46,0,87,15,12,4
533,649.0,54,0,0,0,49,0,0,8,0,0,0,49,0,0,0
534,650.0,71,1,1,0,57,0,0,6,1,1,0,57,0,0,0
535,651.0,25,0,0,0,9,2,0,23,0,0,0,9,2,0,23
536,654.0,149,0,3,1,3,0,0,2,0,3,1,3,0,0,0
537,655.0,269,6,0,1,13,2,0,4,6,0,1,13,2,0,0
538,656.0,68,1,7,0,0,0,3,22,1,7,0,0,0,3,9
539,658.0,68,0,5,0,0,0,2,13,0,5,0,0,0,2,12
540,659.0,83,1,0,0,5,43,6,24,1,0,0,5,43,6,24
541,660.0,236,0,0,0,0,31,10,17,0,0,0,0,31,10,15
542,661.0,104,0,2,0,0,36,4,23,0,2,0,0,36,4,23
543,667.0,67,1,1,0,10,0,0,15,1,1,0,10,0,0,0
544,673.0,102,0,0,70,13,66,2,34,0,0,70,13,66,2,2
545,675.0,77,3,0,25,24,40,4,4,3,0,25,24,40,4,1
546,677.0,1356,1,42,36,105,233,4,15,1,42,36,105,233,4,9
547,678.0,74,0,25,0,4,0,3,3,0,25,0,4,0,3,3
548,679.0,74,0,12,0,18,38,10,15,0,12,0,18,38,10,11
549,682.0,57,3,0,2,0,0,0,7,3,0,2,0,0,0,2
550,683.0,69,1,5,0,45,0,0,7,1,5,0,45,0,0,7
551,684.0,313,0,0,6,0,0,0,11,0,0,6,0,0,0,0
552,685.0,186,0,0,80,0,0,0,16,0,0,80,0,0,0,0
553,686.0,120,0,0,18,0,0,0,0,0,0,18,0,0,0,0
554,692.0,188,0,3,0,10,62,66,84,0,3,0,10,62,66,74
555,694.0,40,0,1,13,0,0,0,19,0,1,13,0,0,0,13
556,695.0,52,0,9,0,3,0,0,1,0,9,0,3,0,0,1
557,702.0,65,0,1,0,0,16,39,8,0,1,0,0,16,39,8
558,703.0,40,0,2,1,7,2,0,1,0,2,1,7,2,0,1
559,704.0,46,0,0,0,1,0,0,1,0,0,0,1,0,0,0
560,705.0,65,0,3,30,0,0,0,0,0,3,30,0,0,0,0
561,706.0,40,2,0,0,1,0,1,35,2,0,0,1,0,1,1
562,708.0,94,0,0,0,0,0,0,2,0,0,0,0,0,0,0
563,709.0,218,8,0,0,3,126,6,56,8,0,0,3,126,6,13
564,710.0,160,0,3,0,2,2,0,127,0,3,0,2,2,0,67
565,711.0,159,0,0,37,22,0,0,7,0,0,37,22,0,0,5
566,712.0,78,0,0,3,11,39,6,48,0,0,3,11,39,6,0
567,713.0,70,0,0,57,7,0,0,13,0,0,57,7,0,0,0
568,714.0,52,2,0,43,8,4,0,19,2,0,43,8,4,0,0
569,715.0,37,0,0,37,0,5,0,19,0,0,37,0,5,0,0
570,716.0,116,0,3,0,0,0,0,4,0,3,0,0,0,0,0
571,717.0,35,1,0,6,27,3,1,14,1,0,6,27,3,1,0
572,718.0,111,0,0,4,0,0,0,21,0,0,4,0,0,0,0
573,719.0,79,0,0,0,0,0,0,13,0,0,0,0,0,0,0
574,720.0,91,0,0,0,1,0,0,12,0,0,0,1,0,0,0
575,721.0,61,0,0,0,1,0,0,1,0,0,0,1,0,0,0
576,722.0,112,0,0,7,11,0,0,15,0,0,7,11,0,0,1
577,723.0,106,4,0,0,2,98,5,81,4,0,0,2,98,5,0
578,724.0,67,7,0,0,14,47,2,41,7,0,0,14,47,2,0
579,726.0,194,1,14,0,23,113,19,23,1,14,0,23,113,19,10
580,727.0,358,11,85,0,40,63,44,50,11,85,0,40,63,44,7
581,733.0,797,1,432,92,72,2,1,53,1,432,92,72,2,1,32
582,736.0,65,3,6,7,4,0,1,2,3,6,7,4,0,1,2
583,747.0,65,1,4,4,53,0,0,48,1,4,4,53,0,0,48
584,748.0,77,2,4,3,50,0,0,12,2,4,3,50,0,0,0
585,749.0,22,0,0,0,0,0,0,0,0,0,0,0,0,0,0
586,750.0,76,1,15,1,2,1,0,5,1,15,1,2,1,0,0
587,751.0,34,0,4,0,2,0,0,0,0,4,0,2,0,0,0
588,752.0,62,0,5,3,19,0,0,5,0,5,3,19,0,0,4
589,753.0,175,0,4,61,85,9,51,93,0,4,61,85,9,51,35
590,754.0,38,1,0,32,5,1,0,22,1,0,32,5,1,0,0
591,755.0,34,1,0,26,8,1,0,17,1,0,26,8,1,0,1
592,756.0,94,2,0,10,78,1,0,86,2,0,10,78,1,0,2
593,757.0,341,0,12,1,330,0,1,244,0,12,1,330,0,1,23
594,758.0,125,0,0,2,0,9,3,19,0,0,2,0,9,3,8
595,759.0,35,0,0,24,11,0,0,16,0,0,24,11,0,0,0
596,760.0,33,0,0,3,29,0,0,30,0,0,3,29,0,0,0
597,761.0,190,3,3,8,2,9,4,12,3,3,8,2,9,4,2
598,762.0,75,0,4,8,2,0,0,3,0,4,8,2,0,0,2
599,763.0,240,0,0,19,2,5,8,18,0,0,19,2,5,8,18
600,764.0,272,0,3,0,14,47,19,12,0,3,0,14,47,19,6
601,765.0,143,0,15,4,52,33,23,24,0,15,4,52,33,23,14
602,767.0,62,0,0,0,0,0,0,0,0,0,0,0,0,0,0
603,770.0,96,14,0,34,3,0,1,10,14,0,34,3,0,1,0
604,771.0,54,4,0,0,0,0,0,3,4,0,0,0,0,0,0
605,774.0,57,17,1,0,0,27,3,6,17,1,0,0,27,3,6
606,775.0,78,0,0,0,0,71,10,44,0,0,0,0,71,10,31
607,776.0,159,1,0,0,0,100,2,59,1,0,0,0,100,2,17
608,777.0,574,2,2,2,0,434,30,267,2,2,2,0,434,30,59
609,778.0,790,112,24,7,173,101,103,317,112,24,7,173,101,103,169
610,780.0,103,28,2,0,1,0,0,45,28,2,0,1,0,0,12
611,781.0,160,0,1,0,5,0,0,10,0,1,0,5,0,0,0
612,785.0,71,0,0,0,39,1,0,3,0,0,0,39,1,0,2
613,786.0,155,0,0,0,107,4,2,17,0,0,0,107,4,2,4
614,787.0,200,1,0,2,67,11,0,121,1,0,2,67,11,0,117
615,788.0,88,0,0,0,21,19,0,10,0,0,0,21,19,0,0
616,789.0,166,0,0,0,56,9,0,5,0,0,0,56,9,0,1
617,790.0,48,0,0,0,17,7,0,1,0,0,0,17,7,0,0
618,791.0,70,0,0,1,10,1,0,1,0,0,1,10,1,0,0
619,792.0,101,0,0,2,9,2,0,3,0,0,2,9,2,0,0
620,793.0,154,0,0,0,102,6,7,28,0,0,0,102,6,7,17
621,803.0,126,0,8,29,18,1,3,17,0,8,29,18,1,3,5
622,804.0,211,1,1,18,2,1,9,6,1,1,18,2,1,9,6
623,805.0,54,1,2,0,0,0,28,21,1,2,0,0,0,28,13
624,806.0,138,0,0,0,3,53,5,14,0,0,0,3,53,5,13
625,807.0,121,0,0,0,17,0,26,22,0,0,0,17,0,26,9
626,808.0,306,1,26,10,129,70,21,130,1,26,10,129,70,21,85
627,811.0,46,1,3,0,23,1,3,19,1,3,0,23,1,3,3
628,812.0,57,0,7,0,24,15,5,20,0,7,0,24,15,5,3
629,813.0,130,0,9,1,84,3,6,11,0,9,1,84,3,6,1
630,815.0,86,30,0,5,2,2,0,13,30,0,5,2,2,0,2
631,816.0,83,75,0,2,3,1,0,16,75,0,2,3,1,0,0
632,817.0,70,2,0,0,0,0,0,0,2,0,0,0,0,0,0
633,818.0,53,0,0,19,0,0,0,0,0,0,19,0,0,0,0
634,819.0,38,0,0,21,15,8,5,14,0,0,21,15,8,5,0
635,821.0,72,0,0,0,1,0,0,0,0,0,0,1,0,0,0
636,822.0,155,0,0,0,138,3,1,104,0,0,0,138,3,1,16
637,824.0,100,0,6,0,0,43,3,10,0,6,0,0,43,3,3
638,825.0,200,0,26,115,51,24,71,17,0,26,115,51,24,71,2
639,826.0,186,0,3,0,1,86,64,85,0,3,0,1,86,64,50
640,827.0,223,1,0,0,4,2,1,11,1,0,0,4,2,1,2
641,830.0,142,0,0,0,0,3,3,7,0,0,0,0,3,3,0
642,831.0,411,0,0,0,4,0,0,0,0,0,0,4,0,0,0
643,832.0,309,0,7,0,52,5,0,40,0,7,0,52,5,0,28
644,833.0,112,0,0,0,0,0,0,1,0,0,0,0,0,0,1
645,836.0,73,0,7,0,0,0,0,54,0,7,0,0,0,0,33
646,837.0,81,0,0,0,7,0,0,10,0,0,0,7,0,0,0
647,838.0,229,0,0,3,106,0,0,67,0,0,3,106,0,0,6
648,839.0,549,0,0,176,320,5,21,191,0,0,176,320,5,21,142
649,840.0,275,0,0,21,132,0,0,91,0,0,21,132,0,0,53
650,841.0,251,0,0,43,130,0,31,165,0,0,43,130,0,31,158
651,842.0,500,21,1,210,212,51,13,352,21,1,210,212,51,13,212
652,843.0,146,124,3,12,39,15,2,38,124,3,12,39,15,2,12
653,844.0,206,0,0,77,94,22,5,75,0,0,77,94,22,5,9
654,845.0,125,0,0,0,109,3,15,86,0,0,0,109,3,15,2
655,846.0,80,1,0,0,56,5,6,50,1,0,0,56,5,6,0
656,847.0,92,0,0,0,73,3,2,21,0,0,0,73,3,2,6
657,848.0,38,0,1,0,31,4,4,17,0,1,0,31,4,4,1
658,849.0,213,0,3,1,41,94,27,79,0,3,1,41,94,27,8
659,850.0,48,0,3,0,44,8,4,36,0,3,0,44,8,4,2
660,852.0,89,0,6,0,0,86,0,38,0,6,0,0,86,0,1
661,853.0,41,0,6,0,0,39,0,28,0,6,0,0,39,0,2
662,854.0,198,1,0,0,8,1,32,157,1,0,0,8,1,32,157
663,855.0,68,0,0,0,0,1,5,58,0,0,0,0,1,5,58
664,856.0,61,0,0,0,2,0,0,61,0,0,0,2,0,0,61
665,857.0,56,0,0,0,1,1,24,28,0,0,0,1,1,24,28
666,858.0,89,0,0,0,9,0,4,80,0,0,0,9,0,4,80
667,859.0,80,0,0,0,0,0,17,63,0,0,0,0,0,17,63
668,860.0,74,0,0,0,13,0,17,57,0,0,0,13,0,17,57
669,861.0,195,0,0,0,22,0,47,147,0,0,0,22,0,47,147
670,862.0,76,0,0,0,6,2,5,63,0,0,0,6,2,5,63
671,863.0,165,0,0,0,7,0,0,165,0,0,0,7,0,0,165
672,864.0,123,0,0,0,16,0,0,123,0,0,0,16,0,0,123
673,865.0,237,0,0,0,28,0,1,229,0,0,0,28,0,1,229
674,866.0,94,0,0,0,28,0,0,94,0,0,0,28,0,0,94
675,868.0,439,0,0,0,95,2,3,393,0,0,0,95,2,3,388
676,869.0,97,1,0,0,5,2,14,76,1,0,0,5,2,14,76
677,870.0,176,0,0,0,7,0,0,107,0,0,0,7,0,0,107
678,871.0,208,0,0,0,56,3,9,38,0,0,0,56,3,9,23
679,872.0,51,0,0,2,2,0,0,34,0,0,2,2,0,0,34
680,873.0,165,12,20,11,9,2,7,47,12,20,11,9,2,7,45
681,874.0,126,0,0,0,46,8,0,24,0,0,0,46,8,0,4
682,875.0,75,0,0,0,6,0,0,47,0,0,0,6,0,0,47
683,876.0,35,0,0,0,0,0,0,6,0,0,0,0,0,0,0
684,877.0,26,0,0,0,0,0,0,0,0,0,0,0,0,0,0
685,878.0,33,0,0,0,0,0,0,19,0,0,0,0,0,0,19
686,879.0,170,3,15,0,0,2,26,135,3,15,0,0,2,26,135
687,880.0,31,0,0,0,0,5,0,0,0,0,0,0,5,0,0
688,881.0,190,0,2,0,0,0,84,93,0,2,0,0,0,84,47
689,882.0,31,0,0,1,12,0,0,0,0,0,1,12,0,0,0
690,883.0,87,0,0,13,4,0,0,1,0,0,13,4,0,0,0
691,884.0,75,0,0,12,32,4,0,3,0,0,12,32,4,0,1
692,885.0,56,0,0,1,40,0,1,1,0,0,1,40,0,1,1
693,886.0,31,1,3,7,17,0,0,13,1,3,7,17,0,0,0
694,887.0,109,3,0,1,54,8,0,58,3,0,1,54,8,0,0
695,888.0,47,0,0,15,24,1,4,10,0,0,15,24,1,4,0
696,889.0,81,0,14,0,2,9,0,6,0,14,0,2,9,0,0
697,890.0,53,0,0,0,0,0,6,5,0,0,0,0,0,6,0
698,891.0,179,9,7,2,1,1,0,23,9,7,2,1,1,0,5
699,892.0,113,10,3,0,0,0,0,9,10,3,0,0,0,0,9
700,894.0,31,0,2,19,0,0,4,1,0,2,19,0,0,4,0
701,895.0,34,0,0,0,2,0,0,0,0,0,0,2,0,0,0
702,896.0,225,0,8,3,6,0,1,5,0,8,3,6,0,1,2
703,897.0,36,0,2,31,0,3,2,23,0,2,31,0,3,2,19
704,898.0,198,69,16,0,5,29,46,82,69,16,0,5,29,46,4
705,900.0,466,264,22,158,92,2,12,63,264,22,158,92,2,12,4
706,901.0,35,0,0,0,2,28,0,19,0,0,0,2,28,0,0
707,902.0,79,1,2,0,5,2,3,1,1,2,0,5,2,3,0
708,903.0,68,1,0,0,27,2,11,2,1,0,0,27,2,11,2
709,904.0,179,0,3,0,0,0,2,1,0,3,0,0,0,2,0
710,907.0,209,19,6,10,4,22,1,8,19,6,10,4,22,1,0
711,908.0,3240,0,44,205,1,38,4,873,0,44,205,1,38,4,7
712,909.0,104,0,0,0,0,0,0,1,0,0,0,0,0,0,0
713,910.0,43,0,0,0,0,0,0,0,0,0,0,0,0,0,0
714,911.0,267,3,77,1,3,0,5,48,3,77,1,3,0,5,30
715,912.0,71,0,2,0,5,1,1,1,0,2,0,5,1,1,0
716,913.0,124,0,0,0,0,0,0,0,0,0,0,0,0,0,0
717,914.0,116,0,0,0,0,0,1,0,0,0,0,0,0,1,0
718,915.0,103,3,1,9,0,1,0,4,3,1,9,0,1,0,0
719,916.0,42,0,0,0,0,0,0,2,0,0,0,0,0,0,0
720,917.0,126,2,0,0,1,0,0,11,2,0,0,1,0,0,0
721,918.0,310,1,0,0,3,0,0,115,1,0,0,3,0,0,1
722,919.0,74,0,0,0,0,0,0,0,0,0,0,0,0,0,0
723,920.0,79,1,0,3,0,0,0,1,1,0,3,0,0,0,1
724,921.0,241,52,2,1,6,3,1,62,52,2,1,6,3,1,62
725,922.0,171,31,9,39,50,0,6,4,31,9,39,50,0,6,3
726,923.0,169,0,4,70,2,6,11,2,0,4,70,2,6,11,0
727,924.0,496,66,55,21,77,134,22,25,66,55,21,77,134,22,15
728,925.0,367,5,86,13,161,64,38,19,5,86,13,161,64,38,3
729,926.0,232,2,35,19,0,0,0,0,2,35,19,0,0,0,0
730,927.0,145,0,6,0,21,0,0,3,0,6,0,21,0,0,0
731,928.0,61,1,20,0,16,2,12,0,1,20,0,16,2,12,0
732,929.0,36,0,9,0,11,0,3,11,0,9,0,11,0,3,0
733,930.0,38,0,16,2,12,0,0,1,0,16,2,12,0,0,0
734,931.0,36,0,4,0,8,0,4,3,0,4,0,8,0,4,0
735,932.0,73,0,0,0,29,2,0,0,0,0,0,29,2,0,0
736,933.0,60,3,14,0,9,6,0,2,3,14,0,9,6,0,0
737,934.0,36,2,4,0,2,1,0,0,2,4,0,2,1,0,0
738,935.0,104,10,6,0,12,8,0,4,10,6,0,12,8,0,0
739,936.0,72,1,4,0,15,3,8,11,1,4,0,15,3,8,1
740,937.0,142,5,12,0,45,1,14,1,5,12,0,45,1,14,0
741,938.0,52,0,1,0,6,0,0,0,0,1,0,6,0,0,0
742,939.0,35,0,0,0,0,0,0,0,0,0,0,0,0,0,0
743,940.0,55,40,0,0,0,5,0,0,40,0,0,0,5,0,0
744,943.0,50,48,0,0,4,2,0,0,48,0,0,4,2,0,0
745,944.0,69,0,0,3,4,1,0,3,0,0,3,4,1,0,3
746,945.0,197,38,8,1,4,130,1,29,38,8,1,4,130,1,14
747,946.0,45,0,0,7,0,0,0,5,0,0,7,0,0,0,0
748,947.0,172,0,0,0,17,12,0,10,0,0,0,17,12,0,0
749,958.0,86,0,0,0,12,0,0,5,0,0,0,12,0,0,0
750,959.0,56,0,0,0,0,0,0,1,0,0,0,0,0,0,0
751,960.0,70,0,0,0,5,0,0,2,0,0,0,5,0,0,0
752,961.0,619,249,17,0,18,140,54,175,249,17,0,18,140,54,1
753,962.0,649,25,29,10,37,178,21,29,25,29,10,37,178,21,3
754,963.0,57,0,2,0,0,0,0,54,0,2,0,0,0,0,54
755,964.0,266,0,0,0,0,145,100,54,0,0,0,0,145,100,11
756,965.0,224,0,0,0,0,115,58,69,0,0,0,0,115,58,65
757,966.0,41,0,2,0,1,22,3,21,0,2,0,1,22,3,20
758,967.0,120,0,11,0,0,0,0,104,0,11,0,0,0,0,104
759,968.0,191,0,0,0,0,7,125,58,0,0,0,0,7,125,41
760,969.0,78,0,19,0,0,24,7,27,0,19,0,0,24,7,24
761,970.0,74,0,0,0,0,0,37,34,0,0,0,0,0,37,21
762,971.0,290,7,2,0,2,0,2,279,7,2,0,2,0,2,278
763,972.0,24,0,0,0,0,0,15,6,0,0,0,0,0,15,6
764,973.0,39,0,0,0,0,0,0,0,0,0,0,0,0,0,0
765,974.0,433,0,1,0,12,0,0,3,0,1,0,12,0,0,0
766,975.0,955,0,3,0,9,0,0,19,0,3,0,9,0,0,0
767,976.0,41,0,1,0,1,1,1,0,0,1,0,1,1,1,0
768,977.0,96,1,0,19,0,0,0,22,1,0,19,0,0,0,2
769,978.0,37,0,0,0,0,0,0,0,0,0,0,0,0,0,0
770,979.0,95,0,1,1,0,1,0,2,0,1,1,0,1,0,0
771,980.0,134,0,0,3,0,5,12,3,0,0,3,0,5,12,1
772,981.0,97,0,0,0,0,0,2,13,0,0,0,0,0,2,0
773,982.0,450,0,0,0,0,5,0,51,0,0,0,0,5,0,1
774,983.0,40,0,0,0,0,0,0,0,0,0,0,0,0,0,0
775,984.0,57,0,0,0,0,0,0,0,0,0,0,0,0,0,0
776,985.0,62,0,1,0,0,0,0,0,0,1,0,0,0,0,0
777,986.0,267,0,10,7,0,0,11,81,0,10,7,0,0,11,20
778,987.0,97,0,0,7,0,2,4,2,0,0,7,0,2,4,2
779,988.0,693,0,0,0,0,12,2,24,0,0,0,0,12,2,0
780,989.0,159,0,0,0,11,0,0,1,0,0,0,11,0,0,0
781,990.0,71,4,1,0,0,0,1,0,4,1,0,0,0,1,0
782,991.0,52,0,0,0,4,0,0,0,0,0,0,4,0,0,0
783,992.0,109,3,0,0,1,0,0,5,3,0,0,1,0,0,0
784,993.0,733,10,91,19,1,83,9,84,10,91,19,1,83,9,11
785,994.0,550,0,13,2,0,8,0,73,0,13,2,0,8,0,3
786,995.0,228,14,4,17,4,4,0,12,14,4,17,4,4,0,4
787,996.0,524,43,7,58,9,2,0,4,43,7,58,9,2,0,0
788,997.0,268,37,51,14,7,8,3,16,37,51,14,7,8,3,5
789,998.0,101,4,46,9,0,0,0,3,4,46,9,0,0,0,0
790,999.0,464,73,149,1,5,0,0,164,73,149,1,5,0,0,2
791,1000.0,41,0,1,1,2,0,0,0,0,1,1,2,0,0,0
792,1001.0,86,0,1,31,1,0,0,6,0,1,31,1,0,0,2
793,1002.0,61,0,1,28,3,0,0,0,0,1,28,3,0,0,0
794,1003.0,67,0,4,3,25,6,0,16,0,4,3,25,6,0,0
795,1004.0,60,0,0,0,0,7,4,3,0,0,0,0,7,4,1
796,1005.0,96,1,1,1,0,0,0,9,1,1,1,0,0,0,0
797,1006.0,35,0,0,0,0,0,0,2,0,0,0,0,0,0,0
798,1007.0,262,4,1,0,13,1,0,6,4,1,0,13,1,0,0
799,1008.0,65,8,2,0,0,4,4,11,8,2,0,0,4,4,0
800,1009.0,88,0,0,0,44,0,35,3,0,0,0,44,0,35,3
801,1010.0,155,1,1,0,73,0,24,10,1,1,0,73,0,24,9
802,1011.0,750,4,24,22,5,614,154,82,4,24,22,5,614,154,51
803,1012.0,524,3,2,0,60,337,75,42,3,2,0,60,337,75,26
804,1013.0,198,0,3,1,0,7,136,19,0,3,1,0,7,136,18
805,1014.0,231,3,1,0,0,0,0,5,3,1,0,0,0,0,3
806,1015.0,281,0,0,0,2,0,0,12,0,0,0,2,0,0,0
807,1016.0,347,0,0,0,0,2,0,20,0,0,0,0,2,0,0
808,1017.0,136,8,9,6,6,8,0,24,8,9,6,6,8,0,0
809,1018.0,62,5,1,9,6,0,0,6,5,1,9,6,0,0,0
810,1019.0,97,1,0,2,0,0,0,1,1,0,2,0,0,0,1
811,1020.0,331,196,39,136,2,2,0,61,196,39,136,2,2,0,3
812,1021.0,99,3,0,0,1,0,27,65,3,0,0,1,0,27,60
813,1022.0,99,14,1,1,0,0,66,21,14,1,1,0,0,66,8
814,1023.0,121,73,13,13,1,0,2,26,73,13,13,1,0,2,0
815,1024.0,48,0,0,0,0,0,5,0,0,0,0,0,0,5,0
816,1025.0,295,0,11,0,0,0,17,0,0,11,0,0,0,17,0
817,1026.0,160,0,5,0,8,0,0,0,0,5,0,8,0,0,0
818,1027.0,304,0,0,5,4,0,2,0,0,0,5,4,0,2,0
819,1028.0,127,0,0,0,0,0,3,2,0,0,0,0,0,3,2
820,1029.0,77,0,0,0,0,0,0,0,0,0,0,0,0,0,0
821,1030.0,206,0,0,0,0,0,0,0,0,0,0,0,0,0,0
822,1031.0,422,0,0,0,0,17,11,6,0,0,0,0,17,11,4
823,1032.0,57,0,0,0,0,1,0,0,0,0,0,0,1,0,0
824,1033.0,98,1,0,0,0,0,0,0,1,0,0,0,0,0,0
825,1034.0,260,2,0,2,0,0,0,4,2,0,2,0,0,0,0
826,1035.0,65,0,0,0,0,0,10,0,0,0,0,0,0,10,0
827,1036.0,73,0,0,0,0,0,15,1,0,0,0,0,0,15,0
828,1037.0,256,2,0,0,0,0,15,56,2,0,0,0,0,15,54
829,1038.0,95,1,49,1,7,0,3,0,1,49,1,7,0,3,0
830,1039.0,205,22,50,12,1,0,0,3,22,50,12,1,0,0,0
831,1040.0,151,0,8,0,1,0,0,0,0,8,0,1,0,0,0
832,1041.0,179,45,28,18,17,0,0,7,45,28,18,17,0,0,0
833,1042.0,102,94,0,51,4,0,17,20,94,0,51,4,0,17,0
834,1043.0,140,126,23,60,15,14,23,9,126,23,60,15,14,23,3
835,1044.0,140,36,6,19,0,0,0,12,36,6,19,0,0,0,0
836,1045.0,266,1,1,41,3,1,0,49,1,1,41,3,1,0,0
837,1046.0,71,0,0,15,0,0,0,1,0,0,15,0,0,0,0
838,1047.0,57,0,0,0,1,0,0,0,0,0,0,1,0,0,0
839,1048.0,73,0,0,13,0,0,0,3,0,0,13,0,0,0,0
840,1049.0,79,0,0,2,0,0,3,0,0,0,2,0,0,3,0
841,1050.0,99,0,0,1,1,0,6,2,0,0,1,1,0,6,0
842,1054.0,81,70,0,0,10,0,0,15,70,0,0,10,0,0,2
843,1055.0,96,19,6,2,10,1,0,9,19,6,2,10,1,0,0
844,1056.0,96,56,2,4,12,1,0,44,56,2,4,12,1,0,2
845,1057.0,59,38,1,5,2,0,0,33,38,1,5,2,0,0,0
846,1058.0,52,2,0,0,4,0,0,20,2,0,0,4,0,0,0
847,1059.0,363,167,2,11,24,3,2,82,167,2,11,24,3,2,1
848,1060.0,58,4,5,0,5,0,0,28,4,5,0,5,0,0,24
849,1061.0,42,1,5,4,15,0,0,24,1,5,4,15,0,0,24
850,1062.0,58,1,5,2,7,4,0,17,1,5,2,7,4,0,17
851,1063.0,106,1,0,1,11,0,0,0,1,0,1,11,0,0,0
852,1064.0,78,0,0,4,0,0,20,43,0,0,4,0,0,20,42
853,1065.0,39,0,0,0,0,0,0,3,0,0,0,0,0,0,3
854,1066.0,34,2,0,0,2,0,0,0,2,0,0,2,0,0,0
855,1067.0,39,0,0,0,0,0,0,0,0,0,0,0,0,0,0
856,1068.0,118,0,3,0,0,0,35,67,0,3,0,0,0,35,64
857,1069.0,105,1,0,0,0,0,7,13,1,0,0,0,0,7,13
858,1070.0,89,0,0,0,0,0,0,3,0,0,0,0,0,0,3
859,1071.0,155,0,9,4,1,0,1,1,0,9,4,1,0,1,0
860,1072.0,35,2,0,0,2,0,0,0,2,0,0,2,0,0,0
861,1073.0,117,0,1,2,0,0,0,0,0,1,2,0,0,0,0
862,1074.0,84,1,0,0,0,0,2,0,1,0,0,0,0,2,0
863,1075.0,134,2,6,0,1,4,1,0,2,6,0,1,4,1,0
864,1076.0,60,0,6,0,0,35,5,52,0,6,0,0,35,5,52
865,1077.0,327,0,0,0,0,12,39,261,0,0,0,0,12,39,261
866,1079.0,29,0,0,0,0,0,4,8,0,0,0,0,0,4,0
867,1080.0,33,0,0,0,5,7,0,11,0,0,0,5,7,0,5
868,1081.0,69,0,0,0,0,48,3,9,0,0,0,0,48,3,8
869,1082.0,96,0,0,1,10,77,2,8,0,0,1,10,77,2,3
870,1083.0,100,0,0,0,1,71,2,7,0,0,0,1,71,2,6
871,1084.0,41,0,0,0,2,36,1,1,0,0,0,2,36,1,1
872,1085.0,81,0,0,2,0,0,0,0,0,0,2,0,0,0,0
873,1086.0,80,0,2,0,0,0,0,0,0,2,0,0,0,0,0
874,1087.0,36,0,0,0,0,0,0,1,0,0,0,0,0,0,0
875,1088.0,41,0,0,30,0,0,1,2,0,0,30,0,0,1,2
876,1089.0,36,0,0,3,0,1,0,1,0,0,3,0,1,0,0
877,1090.0,59,0,0,1,1,37,4,32,0,0,1,1,37,4,3
878,1091.0,35,0,0,0,0,0,0,0,0,0,0,0,0,0,0
879,1093.0,120,1,1,0,15,29,18,11,1,1,0,15,29,18,11
880,1095.0,39,0,0,0,0,10,9,1,0,0,0,0,10,9,1
881,1096.0,31,0,0,0,0,0,0,0,0,0,0,0,0,0,0
882,1097.0,36,0,0,0,5,21,4,1,0,0,0,5,21,4,1
883,1098.0,56,0,3,0,0,1,3,11,0,3,0,0,1,3,0
884,1099.0,35,0,0,0,8,20,15,7,0,0,0,8,20,15,5
885,1101.0,140,0,0,0,0,16,19,5,0,0,0,0,16,19,0
886,1102.0,92,1,0,0,2,0,0,0,1,0,0,2,0,0,0
887,1103.0,53,11,2,1,1,3,7,4,11,2,1,1,3,7,1
888,1104.0,53,0,0,0,0,0,1,1,0,0,0,0,0,1,0
889,1105.0,31,0,0,0,0,0,0,0,0,0,0,0,0,0,0
890,1106.0,174,0,17,2,21,3,1,1,0,17,2,21,3,1,0
891,1107.0,63,0,0,2,1,2,0,0,0,0,2,1,2,0,0
892,1108.0,407,0,6,4,0,0,0,16,0,6,4,0,0,0,0
893,1109.0,35,0,0,0,30,0,8,3,0,0,0,30,0,8,0
894,1114.0,297,24,82,4,15,21,35,178,24,82,4,15,21,35,8
895,1118.0,242,3,191,13,13,5,0,24,3,191,13,13,5,0,11
896,1121.0,302,0,19,105,81,5,190,122,0,19,105,81,5,190,12
897,1122.0,185,4,19,78,9,6,147,58,4,19,78,9,6,147,11
898,1125.0,261,9,46,105,23,19,199,114,9,46,105,23,19,199,12
899,1126.0,456,82,169,7,3,18,9,20,82,169,7,3,18,9,5
900,1127.0,159,0,47,62,9,1,2,9,0,47,62,9,1,2,0
901,1128.0,373,1,227,58,2,1,0,6,1,227,58,2,1,0,0
902,1130.0,194,0,160,12,1,5,0,2,0,160,12,1,5,0,0
903,1138.0,116,0,0,1,0,0,0,1,0,0,1,0,0,0,0
904,1139.0,117,0,4,1,3,0,0,13,0,4,1,3,0,0,1
905,1140.0,168,2,3,0,2,0,0,13,2,3,0,2,0,0,13
906,1141.0,104,2,3,6,22,0,0,22,2,3,6,22,0,0,0
907,1142.0,162,1,0,0,10,0,0,8,1,0,0,10,0,0,5
908,1143.0,52,0,0,0,1,0,0,26,0,0,0,1,0,0,5
909,1144.0,32,0,0,0,0,0,0,0,0,0,0,0,0,0,0
910,1146.0,122,0,1,8,22,9,0,0,0,1,8,22,9,0,0
911,1147.0,200,2,2,2,6,5,1,3,2,2,2,6,5,1,0
912,1148.0,106,0,1,0,3,0,0,3,0,1,0,3,0,0,2
913,1149.0,320,32,35,38,0,2,0,0,32,35,38,0,2,0,0
914,1150.0,118,33,0,0,0,0,0,0,33,0,0,0,0,0,0
915,1151.0,78,2,7,0,0,0,0,0,2,7,0,0,0,0,0
916,1152.0,117,0,3,24,87,4,4,8,0,3,24,87,4,4,5
917,1153.0,41,0,1,2,4,1,0,5,0,1,2,4,1,0,3
918,1154.0,264,1,13,42,160,1,3,14,1,13,42,160,1,3,10
919,1155.0,204,0,8,46,122,15,6,12,0,8,46,122,15,6,1
920,1156.0,31,0,0,2,13,0,1,0,0,0,2,13,0,1,0
921,1160.0,97,8,0,0,16,1,12,0,8,0,0,16,1,12,0
922,1162.0,299,0,174,1,0,2,149,29,0,174,1,0,2,149,7
923,1163.0,352,0,269,1,4,0,0,24,0,269,1,4,0,0,7
924,1164.0,884,0,367,3,1,0,8,210,0,367,3,1,0,8,80
925,1169.0,84,0,0,0,69,0,0,0,0,0,0,69,0,0,0
926,1170.0,44,0,0,0,15,0,0,2,0,0,0,15,0,0,0
927,1171.0,59,0,0,1,22,0,0,0,0,0,1,22,0,0,0
928,1172.0,71,0,0,0,62,0,0,0,0,0,0,62,0,0,0
929,1173.0,126,0,0,3,27,0,0,0,0,0,3,27,0,0,0
930,1174.0,75,1,0,0,0,12,1,42,1,0,0,0,12,1,0
931,1175.0,165,36,5,2,3,1,1,8,36,5,2,3,1,1,0
932,1176.0,107,0,0,2,0,94,1,11,0,0,2,0,94,1,0
933,1177.0,113,0,0,0,0,100,5,48,0,0,0,0,100,5,2
934,1178.0,314,15,0,0,207,48,0,15,15,0,0,207,48,0,0
935,1179.0,49,0,0,0,9,3,0,0,0,0,0,9,3,0,0
936,1180.0,150,16,2,0,11,23,0,8,16,2,0,11,23,0,0
937,1181.0,112,3,2,1,0,1,5,59,3,2,1,0,1,5,0
938,1182.0,96,5,0,0,0,2,5,2,5,0,0,0,2,5,0
939,1183.0,112,1,0,0,0,0,1,0,1,0,0,0,0,1,0
940,1184.0,313,0,0,0,4,0,0,14,0,0,0,4,0,0,2
941,1185.0,31,0,0,0,0,7,1,3,0,0,0,0,7,1,0
942,1186.0,34,0,0,0,0,0,0,18,0,0,0,0,0,0,18
943,1187.0,299,7,13,3,4,204,121,72,7,13,3,4,204,121,61
944,1188.0,49,0,4,6,3,24,14,28,0,4,6,3,24,14,20
945,1189.0,296,0,6,2,5,64,12,167,0,6,2,5,64,12,79
946,1190.0,305,0,17,1,5,182,35,147,0,17,1,5,182,35,22
947,1191.0,77,0,0,0,0,0,41,27,0,0,0,0,0,41,17
948,1192.0,32,11,0,0,0,0,0,0,11,0,0,0,0,0,0
949,1193.0,74,0,1,1,2,7,0,33,0,1,1,2,7,0,1
950,1194.0,89,13,0,0,0,2,0,6,13,0,0,0,2,0,3
951,1195.0,82,0,0,0,0,0,0,21,0,0,0,0,0,0,0
952,1196.0,72,9,0,0,3,0,4,27,9,0,0,3,0,4,5
953,1197.0,127,14,0,9,2,6,5,11,14,0,9,2,6,5,2
954,1198.0,46,1,2,1,2,0,1,35,1,2,1,2,0,1,34
955,1199.0,75,1,3,0,1,0,2,70,1,3,0,1,0,2,69
956,1200.0,61,0,0,0,0,0,0,37,0,0,0,0,0,0,37
957,1201.0,143,0,1,0,0,0,4,121,0,1,0,0,0,4,113
958,1202.0,48,0,2,0,0,0,41,3,0,2,0,0,0,41,3
959,1203.0,276,0,0,0,0,0,0,1,0,0,0,0,0,0,0
960,1204.0,35,0,0,0,0,0,0,0,0,0,0,0,0,0,0
961,1205.0,61,0,0,0,0,0,0,0,0,0,0,0,0,0,0
962,1206.0,68,0,0,0,2,0,0,0,0,0,0,2,0,0,0
963,1207.0,63,0,0,3,25,10,1,19,0,0,3,25,10,1,0
964,1208.0,81,0,0,0,2,29,7,24,0,0,0,2,29,7,13
965,1209.0,146,0,0,4,0,42,2,19,0,0,4,0,42,2,14
966,1222.0,45,7,9,1,0,25,3,16,7,9,1,0,25,3,5
967,1223.0,68,22,2,2,1,31,11,21,22,2,2,1,31,11,1
968,1224.0,131,0,0,2,0,0,0,1,0,0,2,0,0,0,0
969,1225.0,111,0,0,0,0,16,26,1,0,0,0,0,16,26,1
970,1226.0,45,0,0,0,0,2,3,0,0,0,0,0,2,3,0
971,1227.0,87,0,3,0,0,26,4,26,0,3,0,0,26,4,22
972,1228.0,304,0,23,4,32,124,35,84,0,23,4,32,124,35,67
973,1229.0,84,2,15,4,3,8,1,24,2,15,4,3,8,1,24
974,1230.0,32,2,1,7,22,1,0,1,2,1,7,22,1,0,1
975,1231.0,94,12,15,4,17,28,1,44,12,15,4,17,28,1,22
976,1232.0,197,20,26,5,119,16,0,38,20,26,5,119,16,0,23
977,1233.0,252,34,6,12,8,8,2,56,34,6,12,8,8,2,33
978,1234.0,154,1,0,4,24,0,0,0,1,0,4,24,0,0,0
979,1235.0,43,0,3,0,4,0,0,2,0,3,0,4,0,0,2
980,1236.0,163,0,2,0,2,0,0,5,0,2,0,2,0,0,1
981,1237.0,134,2,0,0,30,3,0,22,2,0,0,30,3,0,3
982,1240.0,80,2,14,0,34,1,2,75,2,14,0,34,1,2,75
983,1241.0,34,5,9,0,5,0,0,33,5,9,0,5,0,0,33
984,1242.0,55,7,2,0,27,0,1,54,7,2,0,27,0,1,54
985,1243.0,95,12,0,3,77,0,1,89,12,0,3,77,0,1,89
986,1244.0,155,0,0,41,9,7,1,152,0,0,41,9,7,1,152
987,1245.0,125,1,2,14,1,0,0,121,1,2,14,1,0,0,121
988,1246.0,199,0,2,4,24,8,2,197,0,2,4,24,8,2,195
989,1247.0,45,0,0,1,25,0,3,41,0,0,1,25,0,3,41
990,1248.0,60,2,1,0,0,3,1,9,2,1,0,0,3,1,0
991,1249.0,123,16,106,3,15,3,11,28,16,106,3,15,3,11,5
992,1250.0,117,10,17,10,3,1,1,3,10,17,10,3,1,1,2
993,1251.0,70,29,6,0,13,6,0,10,29,6,0,13,6,0,4
994,1252.0,383,79,187,6,76,18,85,102,79,187,6,76,18,85,22
995,1253.0,186,27,3,0,4,4,4,11,27,3,0,4,4,4,0
996,1254.0,91,2,5,2,3,1,9,11,2,5,2,3,1,9,1
997,1255.0,241,49,16,10,0,25,18,45,49,16,10,0,25,18,12
998,1256.0,39,11,2,0,0,2,7,2,11,2,0,0,2,7,1
999,1257.0,36,0,0,0,0,0,0,0,0,0,0,0,0,0,0
1000,1258.0,344,1,0,0,0,0,13,5,1,0,0,0,0,13,0
1001,1259.0,66,4,7,1,0,7,1,24,4,7,1,0,7,1,16
1002,1260.0,41,0,11,1,0,21,13,0,0,11,1,0,21,13,0
1003,1261.0,36,3,0,0,0,23,4,14,3,0,0,0,23,4,14
1004,1262.0,91,0,1,0,2,13,30,5,0,1,0,2,13,30,0
1005,1263.0,68,0,41,0,0,1,3,8,0,41,0,0,1,3,0
1006,1264.0,126,1,0,0,18,0,0,0,1,0,0,18,0,0,0
1007,1265.0,41,0,0,0,2,1,4,6,0,0,0,2,1,4,6
1008,1266.0,86,0,0,0,5,0,0,0,0,0,0,5,0,0,0
1009,1267.0,90,0,0,0,33,0,0,0,0,0,0,33,0,0,0
1010,1268.0,45,2,0,0,0,0,0,0,2,0,0,0,0,0,0
1011,1269.0,55,0,0,0,2,0,0,0,0,0,0,2,0,0,0
1012,1270.0,296,2,0,10,10,8,0,2,2,0,10,10,8,0,0
1013,1271.0,230,0,2,0,13,25,2,3,0,2,0,13,25,2,1
1014,1272.0,62,0,0,0,0,4,37,10,0,0,0,0,4,37,10
1015,1273.0,111,0,0,0,0,21,34,23,0,0,0,0,21,34,23
1016,1274.0,134,0,3,0,0,2,0,2,0,3,0,0,2,0,2
1017,1275.0,245,1,3,0,7,1,1,0,1,3,0,7,1,1,0
1018,1276.0,59,0,3,0,0,0,1,2,0,3,0,0,0,1,1
1019,1277.0,38,1,1,0,0,0,0,1,1,1,0,0,0,0,1
1020,1278.0,50,1,0,0,1,0,0,24,1,0,0,1,0,0,24
1021,1279.0,110,0,1,0,0,0,0,4,0,1,0,0,0,0,4
1022,1280.0,54,0,3,0,0,1,7,3,0,3,0,0,1,7,1
1023,1281.0,94,1,0,1,0,0,0,28,1,0,1,0,0,0,28
1024,1282.0,101,0,1,0,0,0,0,0,0,1,0,0,0,0,0
1025,1283.0,65,0,0,0,0,0,9,7,0,0,0,0,0,9,7
1026,1285.0,75,16,4,2,7,0,9,9,16,4,2,7,0,9,1
1027,1286.0,93,0,0,0,0,0,6,0,0,0,0,0,0,6,0
1028,1287.0,116,0,0,0,1,4,0,12,0,0,0,1,4,0,0
1029,1288.0,34,0,0,0,0,6,0,7,0,0,0,0,6,0,0
1030,1289.0,89,0,0,3,0,0,0,0,0,0,3,0,0,0,0
1031,1290.0,73,0,0,0,0,2,8,0,0,0,0,0,2,8,0
1032,1291.0,159,0,0,0,0,0,1,1,0,0,0,0,0,1,1
1033,1292.0,130,0,0,0,1,0,0,6,0,0,0,1,0,0,0
1034,1293.0,83,0,0,0,15,0,1,0,0,0,0,15,0,1,0
1035,1294.0,1822,18,48,365,61,250,1086,964,18,48,365,61,250,1086,845
1036,1295.0,55,0,2,2,0,43,1,0,0,2,2,0,43,1,0
1037,1296.0,59,0,3,1,0,27,2,4,0,3,1,0,27,2,1
1038,1297.0,59,0,0,0,0,8,41,18,0,0,0,0,8,41,3
1039,1298.0,348,0,0,62,272,3,0,57,0,0,62,272,3,0,1
1040,1299.0,125,12,3,92,28,5,0,18,12,3,92,28,5,0,0
1041,1300.0,40,7,0,11,13,0,2,12,7,0,11,13,0,2,2
1042,1301.0,90,1,3,28,0,58,22,50,1,3,28,0,58,22,0
1043,1302.0,44,0,1,1,0,5,3,6,0,1,1,0,5,3,3
1044,1303.0,272,14,0,67,86,60,34,63,14,0,67,86,60,34,3
1045,1304.0,54,0,4,3,0,9,4,4,0,4,3,0,9,4,0
1046,1305.0,50,0,0,0,0,20,0,1,0,0,0,0,20,0,1
1047,1306.0,57,0,0,0,0,47,4,0,0,0,0,0,47,4,0
1048,1307.0,78,0,1,33,41,1,0,3,0,1,33,41,1,0,2
1049,1308.0,302,0,0,77,180,3,2,131,0,0,77,180,3,2,3
1050,1309.0,249,0,0,1,207,0,5,15,0,0,1,207,0,5,0
1051,1310.0,230,0,2,1,0,122,61,99,0,2,1,0,122,61,13
1052,1311.0,81,0,0,16,61,1,9,18,0,0,16,61,1,9,6
1053,1312.0,97,0,0,40,40,1,0,2,0,0,40,40,1,0,2
1054,1313.0,61,0,0,23,18,7,1,12,0,0,23,18,7,1,3
1055,1314.0,41,0,1,2,1,9,0,9,0,1,2,1,9,0,0
1056,1315.0,61,1,0,0,0,4,0,8,1,0,0,0,4,0,2
1057,1316.0,36,2,0,0,0,20,0,7,2,0,0,0,20,0,0
1058,1317.0,94,18,2,0,6,3,3,67,18,2,0,6,3,3,64
1059,1318.0,44,1,2,0,0,2,0,1,1,2,0,0,2,0,0
1060,1319.0,380,76,21,1,7,17,13,220,76,21,1,7,17,13,210
1061,1320.0,36,3,0,0,0,3,2,15,3,0,0,0,3,2,15
1062,1321.0,31,0,0,0,0,0,0,3,0,0,0,0,0,0,0
1063,1322.0,191,23,5,1,2,26,14,123,23,5,1,2,26,14,121
1064,1323.0,149,0,2,7,18,0,28,83,0,2,7,18,0,28,67
1065,1324.0,187,3,0,2,2,0,4,130,3,0,2,2,0,4,100
1066,1325.0,59,1,0,0,0,0,1,25,1,0,0,0,0,1,23
1067,1326.0,140,9,0,6,11,0,0,55,9,0,6,11,0,0,55
1068,1327.0,279,39,21,39,46,0,9,37,39,21,39,46,0,9,14
1069,1328.0,40,0,0,0,4,0,0,9,0,0,0,4,0,0,9
1070,1329.0,63,0,0,0,4,0,0,3,0,0,0,4,0,0,3
1071,1330.0,51,0,0,0,1,0,0,19,0,0,0,1,0,0,19
1072,1331.0,40,0,0,0,0,0,7,8,0,0,0,0,0,7,7
1073,1333.0,54,3,0,0,2,26,15,23,3,0,0,2,26,15,0
1074,1334.0,98,52,0,1,6,13,8,9,52,0,1,6,13,8,4
1075,1335.0,48,20,0,0,0,2,0,3,20,0,0,0,2,0,1
1076,1336.0,174,0,1,6,0,0,0,1,0,1,6,0,0,0,1
1077,1337.0,65,0,0,0,55,0,0,39,0,0,0,55,0,0,2
1078,1338.0,248,0,0,2,203,0,0,83,0,0,2,203,0,0,2
1079,1339.0,122,0,0,0,122,0,0,106,0,0,0,122,0,0,0
1080,1340.0,57,0,0,0,49,0,0,33,0,0,0,49,0,0,0
1081,1341.0,178,0,0,0,164,0,0,124,0,0,0,164,0,0,0
1082,1342.0,407,0,8,0,353,0,0,85,0,8,0,353,0,0,2
1083,1343.0,76,0,0,0,42,0,0,24,0,0,0,42,0,0,0
1084,1344.0,97,1,7,0,78,0,0,50,1,7,0,78,0,0,0
1085,1345.0,92,0,10,0,64,1,3,56,0,10,0,64,1,3,0
1086,1346.0,91,0,0,0,47,0,2,4,0,0,0,47,0,2,0
1087,1347.0,85,0,0,2,73,2,0,11,0,0,2,73,2,0,0
1088,1348.0,90,13,0,0,2,28,0,47,13,0,0,2,28,0,4
1089,1349.0,51,0,0,0,0,5,2,6,0,0,0,0,5,2,0
1090,1350.0,96,0,0,0,0,26,2,8,0,0,0,0,26,2,3
1091,1351.0,83,0,0,0,0,35,7,9,0,0,0,0,35,7,2
1092,1352.0,299,11,39,16,30,36,0,64,11,39,16,30,36,0,8
1093,1353.0,552,0,3,2,7,305,8,27,0,3,2,7,305,8,0
1094,1354.0,39,0,1,4,18,1,15,27,0,1,4,18,1,15,5
1095,1355.0,135,6,0,4,82,13,5,99,6,0,4,82,13,5,28
1096,1356.0,66,0,0,0,0,4,4,12,0,0,0,0,4,4,5
1097,1357.0,80,0,3,0,0,51,0,3,0,3,0,0,51,0,0
1098,1358.0,93,0,9,0,3,0,0,8,0,9,0,3,0,0,4
1099,1359.0,207,0,11,8,2,7,0,39,0,11,8,2,7,0,0
1100,1360.0,90,0,0,0,79,0,18,20,0,0,0,79,0,18,3
1101,1361.0,67,0,0,9,36,0,3,26,0,0,9,36,0,3,3
1102,1362.0,42,0,0,10,25,0,0,15,0,0,10,25,0,0,3
